

                             _   _
                            (_) | |
      __ _   _ __   __   __  _  | |
     / _` | | '_ \  \ \ / / | | | |
    | (_| | | | | |  \ V /  | | | |
     \__,_| |_| |_|   \_/   |_| |_|

    1.5.1-v1.5.1 (b0a9dd9ced 2025-12-19T14:09:59.439684500Z)
    https://github.com/foundry-rs/foundry

Available Accounts
==================

(0) 0xf39Fd6e51aad88F6F4ce6aB8827279cffFb92266 (10000.000000000000000000 ETH)
(1) 0x70997970C51812dc3A010C7d01b50e0d17dc79C8 (10000.000000000000000000 ETH)
(2) 0x3C44CdDdB6a900fa2b585dd299e03d12FA4293BC (10000.000000000000000000 ETH)
(3) 0x90F79bf6EB2c4f870365E785982E1f101E93b906 (10000.000000000000000000 ETH)
(4) 0x15d34AAf54267DB7D7c367839AAf71A00a2C6A65 (10000.000000000000000000 ETH)
(5) 0x9965507D1a55bcC2695C58ba16FB37d819B0A4dc (10000.000000000000000000 ETH)
(6) 0x976EA74026E726554dB657fA54763abd0C3a0aa9 (10000.000000000000000000 ETH)
(7) 0x14dC79964da2C08b23698B3D3cc7Ca32193d9955 (10000.000000000000000000 ETH)
(8) 0x23618e81E3f5cdF7f54C3d65f7FBc0aBf5B21E8f (10000.000000000000000000 ETH)
(9) 0xa0Ee7A142d267C1f36714E4a8F75612F20a79720 (10000.000000000000000000 ETH)

Private Keys
==================

(0) 0xac0974bec39a17e36ba4a6b4d238ff944bacb478cbed5efcae784d7bf4f2ff80
(1) 0x59c6995e998f97a5a0044966f0945389dc9e86dae88c7a8412f4603b6b78690d
(2) 0x5de4111afa1a4b94908f83103eb1f1706367c2e68ca870fc3fb9a804cdab365a
(3) 0x7c852118294e51e653712a81e05800f419141751be58f605c371e15141b007a6
(4) 0x47e179ec197488593b187f80a00eb0da91f1b9d0b13f8733639f19c30a34926a
(5) 0x8b3a350cf5c34c9194ca85829a2df0ec3153be0318b5e2d3348e872092edffba
(6) 0x92db14e403b83dfe3df233f83dfa3a0d7096f21ca9b0d6d6b8d88b2b4ec1564e
(7) 0x4bbbf85ce3377467afe5d46f804f221813b2bb87f24d81f60f1fcdbf7cbf4356
(8) 0xdbda1821b80551c9d65939329250298aa3472ba22feea921c0cf5d620ea67b97
(9) 0x2a871d0798f97d79848a013d4936a73bf4cc922c825d33c1cf7073dff6d409c6

Wallet
==================
Mnemonic:          test test test test test test test test test test test junk
Derivation path:   m/44'/60'/0'/0/


Chain ID
==================

1337

Base Fee
==================

1000000000

Gas Limit
==================

30000000

Genesis Timestamp
==================

1767839121

Genesis Number
==================

0

Listening on 127.0.0.1:8545
eth_blockNumber
eth_getBlockByNumber
eth_getBalance
eth_getBalance
eth_getBalance
eth_getBalance
eth_getBalance
eth_getBalance
eth_getBalance
eth_getBalance
eth_blockNumber
eth_getBalance
eth_getBalance
eth_getBalance
eth_getBalance
eth_getBalance
eth_getCode
eth_getBalance
eth_getTransactionCount
eth_sendRawTransaction
eth_getTransactionReceipt

    Transaction: 0xd67f764c661ef6c16c9aed059b45e1983366e3bfc8eaadb0140336eb74931be6
    Gas used: 22510
eth_blockNumber

    Block Number: 1
    Block Hash: 0x2a7b4c365ee77959daf66795b02ecaa7b2e30c99998c38e4baea7939065c4f69
    Block Time: "Thu, 8 Jan 2026 02:26:17 +0000"

eth_getTransactionByHash
eth_getTransactionReceipt
eth_getBalance
eth_getBalance
eth_getBalance
eth_blockNumber
eth_getBalance
eth_getBalance
eth_getBalance
eth_getBalance
eth_getBalance
eth_blockNumber
eth_getBalance
eth_getBalance
eth_getBalance
eth_getBalance
eth_getBalance
eth_getBalance
eth_getBalance
eth_blockNumber
eth_getBalance
eth_getBalance
eth_getBalance
eth_getCode
eth_getBalance
eth_getTransactionCount
eth_sendRawTransaction

    Transaction: 0x106b2e481dae862a4874fcd718ee62e2827dcd14c82e7338ea2bf2b23edf12e8
    Gas used: 22510

    Block Number: 2
    Block Hash: 0xa7dbb164f2a2443352a4b380e6c9023c880d6cf46caa681e0f0e8d8d1a00de3e
    Block Time: "Thu, 8 Jan 2026 02:27:46 +0000"

eth_getTransactionReceipt
eth_getBalance
eth_getBalance
eth_getBalance
eth_getBalance
eth_blockNumber
eth_getBalance
eth_getBalance
eth_getBalance
eth_getBalance
eth_getBalance
eth_getBalance
eth_getBalance
eth_blockNumber
eth_getBalance
eth_getBalance
eth_getBalance
eth_getBalance
eth_getBalance
eth_getCode
eth_getBalance
eth_blockNumber
eth_getBalance
eth_getBalance
eth_getTransactionCount
eth_getCode
eth_getBlockByNumber
eth_gasPrice
eth_chainId
eth_getBlockByNumber
eth_gasPrice
eth_chainId
eth_getTransactionCount
eth_getCode
eth_getBalance
eth_getAccountInfo
eth_getAccount
eth_getCode
eth_getBalance
eth_getTransactionCount
eth_getCode
eth_getCode
eth_getTransactionCount
eth_getBalance
eth_getCode
eth_getBalance
eth_getTransactionCount
eth_getTransactionCount
eth_getCode
eth_getBalance
eth_chainId
eth_chainId
eth_getBlockByNumber
eth_chainId
eth_gasPrice
eth_chainId
eth_feeHistory
eth_feeHistory
eth_sendRawTransaction

    Transaction: 0x5ac3091b0994d9e67c1dd508573b7d40b3f6d5b0441e690e2e04a0bad134014f
    Contract created: 0x5FbDB2315678afecb367f032d93F642f64180aa3
    Gas used: 419398

    Block Number: 3
    Block Hash: 0xc4b8fcc71ac01833a522bbc00d13a0dc3ad6c009a4749b288c7622302f26284c
    Block Time: "Thu, 8 Jan 2026 02:29:16 +0000"

eth_getTransactionReceipt
eth_getTransactionReceipt
eth_getTransactionCount
eth_getCode
eth_gasPrice
eth_chainId
eth_getBlockByNumber
eth_chainId
eth_getBlockByNumber
eth_gasPrice
eth_getAccountInfo
eth_getAccount
eth_getCode
eth_getBalance
eth_getTransactionCount
eth_getCode
eth_getCode
eth_getTransactionCount
eth_getBalance
eth_getBalance
eth_getTransactionCount
eth_getCode
eth_getCode
eth_getBalance
eth_getTransactionCount
eth_getTransactionCount
eth_getCode
eth_getBalance
eth_chainId
eth_getBalance
eth_chainId
eth_chainId
eth_gasPrice
eth_getBlockByNumber
eth_chainId
eth_feeHistory
eth_feeHistory
eth_sendRawTransaction

    Transaction: 0x0aec4e27b3d163d964b38a89a2666eed6eb663e45461f0fd9b8061ba4317962f
    Contract created: 0xe7f1725E7734CE288F8367e1Bb143E90bb3F0512
    Gas used: 2449208

    Block Number: 4
    Block Hash: 0x13b79388b995baab71934fa30b12949f2003c4a779bbe4dfe931d28e9878aa9d
    Block Time: "Thu, 8 Jan 2026 02:29:18 +0000"

eth_getTransactionReceipt
eth_getTransactionReceipt
eth_getBalance
eth_getBalance
eth_getBalance
eth_blockNumber
eth_getBalance
eth_getBalance
eth_getBalance
eth_getBalance
eth_getBalance
eth_blockNumber
eth_getBalance
eth_getBalance
eth_getBalance
eth_getBalance
eth_getBalance
eth_getBalance
eth_blockNumber
eth_getBalance
eth_getBalance
eth_getCode
eth_getBalance
eth_getTransactionCount
eth_chainId
eth_getBlockByNumber
eth_maxPriorityFeePerGas
eth_estimateGas
eth_sendRawTransaction

    Transaction: 0x891eef800a40f4619d5ee5544cb58f79f514052a80bb3f8556d1bb595ea07f89
    Gas used: 147758

    Block Number: 5
    Block Hash: 0x32c9fa20b987a9c9ed2766da133c9186ec5b1c5046ca3718930e6fd41acab58e
    Block Time: "Thu, 8 Jan 2026 02:30:39 +0000"

eth_getTransactionReceipt
eth_getBalance
eth_getTransactionCount
eth_sendRawTransaction

    Transaction: 0x6ee09ff207d366c9d8185c75522b2022751909c4cb2af1e5af4b597954eeb9c4
    Gas used: 26887

    Block Number: 6
    Block Hash: 0xca98d222572495416f588c2d1179ce693c9f24a5da72085761d6d26892f9fd25
    Block Time: "Thu, 8 Jan 2026 02:30:40 +0000"

eth_getTransactionReceipt
eth_getBalance
eth_getBalance
eth_getBalance
eth_getBalance
eth_getBalance
eth_blockNumber
eth_getBalance
eth_getBalance
eth_getBalance
eth_getBalance
eth_getBalance
eth_getBalance
eth_getBalance
eth_blockNumber
eth_getBalance
eth_getBalance
eth_getBalance
eth_getBalance
eth_getBalance
eth_getBalance
eth_blockNumber
eth_getBalance
eth_getBalance
eth_getBalance
eth_getBalance
eth_getBalance
eth_getBalance
eth_blockNumber
eth_getBalance
eth_getBalance
eth_getBalance
eth_getBalance
eth_getBalance
eth_getBalance
eth_blockNumber
eth_getBalance
eth_getBalance
eth_getBalance
eth_getBalance
eth_getBalance
eth_getBalance
eth_blockNumber
eth_getBalance
eth_getBalance
eth_getBalance
eth_getBalance
eth_getBalance
eth_getBalance
eth_blockNumber
eth_getBalance
eth_getBalance
eth_getBalance
eth_getBalance
eth_getBalance
eth_getBalance
eth_blockNumber
eth_getBalance
eth_getBalance
eth_getBalance
eth_getBalance
eth_getBalance
eth_getBalance
eth_blockNumber
eth_getBalance
eth_getBalance
eth_getBalance
eth_getBalance
eth_getBalance
eth_getBalance
eth_blockNumber
eth_getBalance
eth_getBalance
eth_getBalance
eth_getBalance
eth_getBalance
eth_getBalance
eth_blockNumber
eth_getBalance
eth_getBalance
eth_getBalance
eth_getBalance
eth_getBalance
eth_getBalance
eth_blockNumber
eth_getBalance
eth_getBalance
eth_getBalance
eth_getBalance
eth_getBalance
eth_getBalance
eth_blockNumber
eth_getBalance
eth_getBalance
eth_getBalance
eth_getBalance
eth_getBalance
eth_getBalance
eth_blockNumber
eth_getBalance
eth_getBalance
eth_getBalance
eth_getBalance
eth_getBalance
eth_getBalance
eth_blockNumber
eth_getBalance
eth_getBalance
eth_getBalance
eth_getBalance
eth_getBalance
eth_getBalance
eth_blockNumber
eth_getBalance
eth_getBalance
eth_getBalance
eth_getBalance
eth_getBalance
eth_getBalance
eth_blockNumber
eth_getBalance
eth_getBalance
eth_getBalance
eth_getBalance
eth_getBalance
eth_getBalance
eth_blockNumber
eth_getBalance
eth_getBalance
eth_getBalance
eth_getBalance
eth_getBalance
eth_getBalance
eth_blockNumber
eth_getBalance
eth_getBalance
eth_getBalance
eth_getBalance
eth_getBalance
eth_getBalance
eth_blockNumber
eth_getBalance
eth_getBalance
eth_getBalance
eth_getBalance
eth_getBalance
eth_getBalance
eth_blockNumber
eth_getBalance
eth_getBalance
eth_getBalance
eth_getBalance
eth_getBalance
eth_getBalance
eth_blockNumber
eth_getBalance
eth_getBalance
eth_getBalance
eth_getBalance
eth_getBalance
eth_getBalance
eth_blockNumber
eth_getBalance
eth_getBalance
eth_getBalance
eth_getBalance
eth_getBalance
eth_getBalance
eth_blockNumber
eth_getBalance
eth_getBalance
eth_getBalance
eth_getBalance
eth_getBalance
eth_getBalance
eth_blockNumber
eth_getBalance
eth_getBalance
eth_getBalance
eth_getBalance
eth_getBalance
eth_getBalance
eth_blockNumber
eth_getBalance
eth_getBalance
eth_getBalance
eth_getBalance
eth_getBalance
eth_getBalance
eth_blockNumber
eth_getBalance
eth_getBalance
eth_getBalance
eth_getBalance
eth_getBalance
eth_getBalance
eth_blockNumber
eth_getBalance
eth_getBalance
eth_getBalance
eth_getBalance
eth_getBalance
eth_getBalance
eth_blockNumber
eth_getBalance
eth_getBalance
eth_getBalance
eth_getBalance
eth_getBalance
eth_getBalance
eth_blockNumber
eth_getBalance
eth_getBalance
eth_getBalance
eth_getBalance
eth_getBalance
eth_getBalance
eth_blockNumber
eth_getBalance
eth_getBalance
eth_getBalance
eth_getBalance
eth_getBalance
eth_getBalance
eth_blockNumber
eth_getBalance
eth_getBalance
eth_getBalance
eth_getBalance
eth_getBalance
eth_getBalance
eth_blockNumber
eth_getBalance
eth_getBalance
eth_getBalance
eth_getBalance
eth_getBalance
eth_getBalance
eth_blockNumber
eth_getBalance
eth_getBalance
eth_getBalance
eth_getBalance
eth_getBalance
eth_getBalance
eth_blockNumber
eth_getBalance
eth_getBalance
eth_getBalance
eth_getBalance
eth_getBalance
eth_getBalance
eth_blockNumber
eth_getBalance
eth_getBalance
eth_getBalance
eth_getBalance
eth_getBalance
eth_getBalance
eth_blockNumber
eth_getBalance
eth_getBalance
eth_getBalance
eth_getBalance
eth_getBalance
eth_getBalance
eth_blockNumber
eth_getBalance
eth_getBalance
eth_getBalance
eth_getBalance
eth_getBalance
eth_getBalance
eth_blockNumber
eth_getBalance
eth_getBalance
eth_getBalance
eth_getBalance
eth_getBalance
eth_getBalance
eth_blockNumber
eth_getBalance
eth_getBalance
eth_getBalance
eth_getBalance
eth_getBalance
eth_getBalance
eth_blockNumber
eth_getBalance
eth_getBalance
eth_getBalance
eth_getBalance
eth_getBalance
eth_getBalance
eth_blockNumber
eth_getBalance
eth_getBalance
eth_getBalance
eth_getBalance
eth_getBalance
eth_getBalance
eth_blockNumber
eth_getBalance
eth_getBalance
eth_getBalance
eth_getBalance
eth_getBalance
eth_getBalance
eth_blockNumber
eth_getBalance
eth_getBalance
eth_getBalance
eth_getBalance
eth_getBalance
eth_getBalance
eth_blockNumber
eth_getBalance
eth_getBalance
eth_getBalance
eth_getBalance
eth_getBalance
eth_getBalance
eth_blockNumber
eth_getBalance
eth_getBalance
eth_getBalance
eth_getBalance
eth_getBalance
eth_getBalance
eth_blockNumber
eth_getBalance
eth_getBalance
eth_getBalance
eth_getBalance
eth_getBalance
eth_getBalance
eth_blockNumber
eth_getBalance
eth_getBalance
eth_getBalance
eth_getBalance
eth_getBalance
eth_getBalance
eth_blockNumber
eth_getBalance
eth_getBalance
eth_getBalance
eth_getBalance
eth_getBalance
eth_getBalance
eth_blockNumber
eth_getBalance
eth_getBalance
eth_getBalance
eth_getBalance
eth_getBalance
eth_getBalance
eth_blockNumber
eth_getBalance
eth_getBalance
eth_getBalance
eth_getBalance
eth_getBalance
eth_getBalance
eth_blockNumber
eth_getBalance
eth_getBalance
eth_getBalance
eth_getBalance
eth_getBalance
eth_getBalance
eth_blockNumber
eth_getBalance
eth_getBalance
eth_getBalance
eth_getBalance
eth_getBalance
eth_getBalance
eth_blockNumber
eth_getBalance
eth_getBalance
eth_getBalance
eth_getBalance
eth_getBalance
eth_getBalance
eth_blockNumber
eth_getBalance
eth_getBalance
eth_getBalance
eth_getBalance
eth_getBalance
eth_getBalance
eth_blockNumber
eth_getBalance
eth_getBalance
eth_getBalance
eth_getBalance
eth_getBalance
eth_getBalance
eth_blockNumber
eth_getBalance
eth_getBalance
eth_getBalance
eth_getBalance
eth_getBalance
eth_getBalance
eth_blockNumber
eth_getBalance
eth_getBalance
eth_getBalance
eth_getBalance
eth_getBalance
eth_getBalance
eth_blockNumber
eth_getBalance
eth_getBalance
eth_getBalance
eth_getBalance
eth_getBalance
eth_getBalance
eth_blockNumber
eth_getBalance
eth_getBalance
eth_getBalance
eth_getBalance
eth_getBalance
eth_getBalance
eth_blockNumber
eth_getBalance
eth_getBalance
eth_getBalance
eth_getBalance
eth_getBalance
eth_getBalance
eth_blockNumber
eth_getBalance
eth_getBalance
eth_getBalance
eth_getBalance
eth_getBalance
eth_getBalance
eth_blockNumber
eth_getBalance
eth_getBalance
eth_getBalance
eth_getBalance
eth_getBalance
eth_getBalance
eth_blockNumber
eth_getBalance
eth_getBalance
eth_getBalance
eth_getBalance
eth_getBalance
eth_getBalance
eth_blockNumber
eth_getBalance
eth_getBalance
eth_getBalance
eth_getBalance
eth_getBalance
eth_getBalance
eth_blockNumber
eth_getBalance
eth_getBalance
eth_getBalance
eth_getBalance
eth_getBalance
eth_getBalance
eth_blockNumber
eth_getBalance
eth_getBalance
eth_getBalance
eth_getBalance
eth_getBalance
eth_getBalance
eth_blockNumber
eth_getBalance
eth_getBalance
eth_getBalance
eth_getBalance
eth_getBalance
eth_getBalance
eth_blockNumber
eth_getBalance
eth_getBalance
eth_getBalance
eth_getBalance
eth_getBalance
eth_getBalance
eth_blockNumber
eth_getBalance
eth_getBalance
eth_getBalance
eth_getBalance
eth_getBalance
eth_getBalance
eth_blockNumber
eth_getBalance
eth_getBalance
eth_getBalance
eth_getBalance
eth_getBalance
eth_getBalance
eth_blockNumber
eth_getBalance
eth_getBalance
eth_getBalance
eth_getBalance
eth_getBalance
eth_getBalance
eth_blockNumber
eth_getBalance
eth_getBalance
eth_getBalance
eth_getBalance
eth_getBalance
eth_getBalance
eth_blockNumber
eth_getBalance
eth_getBalance
eth_getBalance
eth_getBalance
eth_getBalance
eth_getBalance
eth_blockNumber
eth_getBalance
eth_getBalance
eth_getBalance
eth_getBalance
eth_getBalance
eth_getBalance
eth_blockNumber
eth_getBalance
eth_getBalance
eth_getBalance
eth_getBalance
eth_getBalance
eth_getBalance
eth_blockNumber
eth_getBalance
eth_getBalance
eth_getBalance
eth_getBalance
eth_getBalance
eth_getBalance
eth_blockNumber
eth_getBalance
eth_getBalance
eth_getBalance
eth_getBalance
eth_getBalance
eth_getBalance
eth_blockNumber
eth_getBalance
eth_getBalance
eth_getBalance
eth_getBalance
eth_getBalance
eth_getBalance
eth_blockNumber
eth_getBalance
eth_getBalance
eth_getBalance
eth_getBalance
eth_getBalance
eth_getBalance
eth_blockNumber
eth_getBalance
eth_getBalance
eth_getBalance
eth_getBalance
eth_getBalance
eth_getBalance
eth_blockNumber
eth_getBalance
eth_getBalance
eth_getBalance
eth_getBalance
eth_getBalance
eth_getBalance
eth_blockNumber
eth_getBalance
eth_getBalance
eth_getBalance
eth_getBalance
eth_getBalance
eth_getBalance
eth_blockNumber
eth_getBalance
eth_getBalance
eth_getBalance
eth_getBalance
eth_getBalance
eth_getBalance
eth_blockNumber
eth_getBalance
eth_getBalance
eth_getBalance
eth_getBalance
eth_getBalance
eth_getBalance
eth_blockNumber
eth_getBalance
eth_getBalance
eth_getBalance
eth_getBalance
eth_getBalance
eth_getBalance
eth_blockNumber
eth_getBalance
eth_getBalance
eth_getBalance
eth_getBalance
eth_getBalance
eth_getBalance
eth_blockNumber
eth_getBalance
eth_getBalance
eth_getBalance
eth_getBalance
eth_getBalance
eth_getBalance
eth_blockNumber
eth_getBalance
eth_getBalance
eth_getBalance
eth_getBalance
eth_getBalance
eth_getBalance
eth_blockNumber
eth_getBalance
eth_getBalance
eth_getBalance
eth_getBalance
eth_getBalance
eth_getBalance
eth_blockNumber
eth_getBalance
eth_getBalance
eth_getBalance
eth_getBalance
eth_getBalance
eth_getBalance
eth_blockNumber
eth_getBalance
eth_getBalance
eth_getBalance
eth_getBalance
eth_getBalance
eth_getBalance
eth_blockNumber
eth_getBalance
eth_getBalance
eth_getBalance
eth_getBalance
eth_getBalance
eth_getBalance
eth_blockNumber
eth_getBalance
eth_getBalance
eth_getBalance
eth_getBalance
eth_getBalance
eth_getBalance
eth_blockNumber
eth_getBalance
eth_getBalance
eth_getBalance
eth_getBalance
eth_getBalance
eth_getBalance
eth_blockNumber
eth_getBalance
eth_getBalance
eth_getBalance
eth_getBalance
eth_getBalance
eth_getBalance
eth_blockNumber
eth_getBalance
eth_getBalance
eth_getBalance
eth_getBalance
eth_getBalance
eth_getBalance
eth_blockNumber
eth_getBalance
eth_getBalance
eth_getBalance
eth_getBalance
eth_getBalance
eth_getBalance
eth_blockNumber
eth_getBalance
eth_getBalance
eth_getBalance
eth_getBalance
eth_getBalance
eth_getBalance
eth_blockNumber
eth_getBalance
eth_getBalance
eth_getBalance
eth_getBalance
eth_getBalance
eth_getBalance
eth_blockNumber
eth_getBalance
eth_getBalance
eth_getBalance
eth_getBalance
eth_getBalance
eth_getBalance
eth_blockNumber
eth_getBalance
eth_getBalance
eth_getBalance
eth_getBalance
eth_getBalance
eth_getBalance
eth_blockNumber
eth_getBalance
eth_getBalance
eth_getBalance
eth_getBalance
eth_getBalance
eth_getBalance
eth_blockNumber
eth_getBalance
eth_getBalance
eth_getBalance
eth_getBalance
eth_getBalance
eth_getBalance
eth_blockNumber
eth_getBalance
eth_getBalance
eth_getBalance
eth_getBalance
eth_getBalance
eth_getBalance
eth_blockNumber
eth_getBalance
eth_getBalance
eth_getBalance
eth_getBalance
eth_getBalance
eth_getBalance
eth_blockNumber
eth_getBalance
eth_getBalance
eth_getBalance
eth_getBalance
eth_getBalance
eth_blockNumber
eth_getBalance
eth_getBalance
eth_getBalance
eth_getBalance
eth_getBalance
eth_blockNumber
eth_getBalance
eth_getBalance
eth_getBalance
eth_getBalance
eth_getBalance
eth_getBalance
eth_blockNumber
eth_getBalance
eth_getBalance
eth_getBalance
eth_getBalance
eth_getBalance
eth_getBalance
eth_blockNumber
eth_getBalance
eth_getBalance
eth_getBalance
eth_getBalance
eth_getBalance
eth_getBalance
eth_blockNumber
eth_getBalance
eth_getBalance
eth_getBalance
eth_getBalance
eth_getBalance
eth_getBalance
eth_blockNumber
eth_getBalance
eth_getBalance
eth_getBalance
eth_getBalance
eth_getBalance
eth_getBalance
eth_blockNumber
eth_getBalance
eth_getBalance
eth_getBalance
eth_getBalance
eth_getBalance
eth_getBalance
eth_blockNumber
eth_getBalance
eth_getBalance
eth_getBalance
eth_getBalance
eth_getBalance
eth_getBalance
eth_blockNumber
eth_getBalance
eth_getBalance
eth_getBalance
eth_getBalance
eth_getBalance
eth_getBalance
eth_blockNumber
eth_getBalance
eth_getBalance
eth_getBalance
eth_getBalance
eth_getBalance
eth_getBalance
eth_blockNumber
eth_getBalance
eth_getBalance
eth_getBalance
eth_getBalance
eth_getBalance
eth_getBalance
eth_blockNumber
eth_getBalance
eth_getBalance
eth_getBalance
eth_getBalance
eth_getBalance
eth_getBalance
eth_blockNumber
eth_getBalance
eth_getBalance
eth_getBalance
eth_getBalance
eth_getBalance
eth_getBalance
eth_blockNumber
eth_getBalance
eth_getBalance
eth_getBalance
eth_getBalance
eth_getBalance
eth_getBalance
eth_blockNumber
eth_getBalance
eth_getBalance
eth_getBalance
eth_getBalance
eth_getBalance
eth_getBalance
eth_blockNumber
eth_getBalance
eth_getBalance
eth_getBalance
eth_getBalance
eth_getBalance
eth_getBalance
eth_blockNumber
eth_getBalance
eth_getBalance
eth_getBalance
eth_getBalance
eth_getBalance
eth_getBalance
eth_blockNumber
eth_getBalance
eth_getBalance
eth_getBalance
eth_getBalance
eth_getBalance
eth_getBalance
eth_blockNumber
eth_getBalance
eth_getBalance
eth_getBalance
eth_getBalance
eth_getBalance
eth_getBalance
eth_blockNumber
eth_getBalance
eth_getBalance
eth_getBalance
eth_getBalance
eth_getBalance
eth_getBalance
eth_blockNumber
eth_getBalance
eth_getBalance
eth_getBalance
eth_getBalance
eth_getBalance
eth_getBalance
eth_blockNumber
eth_getBalance
eth_getBalance
eth_getBalance
eth_getBalance
eth_getBalance
eth_getBalance
eth_blockNumber
eth_getBalance
eth_getBalance
eth_getBalance
eth_getBalance
eth_getBalance
eth_getBalance
eth_blockNumber
eth_getBalance
eth_getBalance
eth_getBalance
eth_getBalance
eth_getBalance
eth_getBalance
eth_blockNumber
eth_getBalance
eth_getBalance
eth_getBalance
eth_getBalance
eth_getBalance
eth_getBalance
eth_blockNumber
eth_getBalance
eth_getBalance
eth_getBalance
eth_getBalance
eth_getBalance
eth_getBalance
eth_blockNumber
eth_getBalance
eth_getBalance
eth_getBalance
eth_getBalance
eth_getBalance
eth_getBalance
eth_blockNumber
eth_getBalance
eth_getBalance
eth_getBalance
eth_getBalance
eth_getBalance
eth_getBalance
eth_blockNumber
eth_getBalance
eth_getBalance
eth_getBalance
eth_getBalance
eth_getBalance
eth_getBalance
eth_blockNumber
eth_getBalance
eth_getBalance
eth_getBalance
eth_getBalance
eth_getBalance
eth_getBalance
eth_blockNumber
eth_getBalance
eth_getBalance
eth_getBalance
eth_getBalance
eth_getBalance
eth_getBalance
eth_blockNumber
eth_getBalance
eth_getBalance
eth_getBalance
eth_getBalance
eth_getBalance
eth_getBalance
eth_blockNumber
eth_getBalance
eth_getBalance
eth_getBalance
eth_getBalance
eth_getBalance
eth_getBalance
eth_blockNumber
eth_getBalance
eth_getBalance
eth_getBalance
eth_getBalance
eth_getBalance
eth_getBalance
eth_blockNumber
eth_getBalance
eth_getBalance
eth_getBalance
eth_getBalance
eth_getBalance
eth_getBalance
eth_blockNumber
eth_getBalance
eth_getBalance
eth_getBalance
eth_getBalance
eth_getBalance
eth_getBalance
eth_blockNumber
eth_getBalance
eth_getBalance
eth_getBalance
eth_getBalance
eth_getBalance
eth_getBalance
eth_blockNumber
eth_getBalance
eth_getBalance
eth_getBalance
eth_getBalance
eth_getBalance
eth_getBalance
eth_blockNumber
eth_getBalance
eth_getBalance
eth_getBalance
eth_getBalance
eth_getBalance
eth_getBalance
eth_blockNumber
eth_getBalance
eth_getBalance
eth_getBalance
eth_getBalance
eth_getBalance
eth_getBalance
eth_blockNumber
eth_getBalance
eth_getBalance
eth_getBalance
eth_getBalance
eth_getBalance
eth_getBalance
eth_blockNumber
eth_getBalance
eth_getBalance
eth_getBalance
eth_getBalance
eth_getBalance
eth_getBalance
eth_blockNumber
eth_getBalance
eth_getBalance
eth_getBalance
eth_getBalance
eth_getBalance
eth_getBalance
eth_blockNumber
eth_getBalance
eth_getBalance
eth_getBalance
eth_getBalance
eth_getBalance
eth_getBalance
eth_blockNumber
eth_getBalance
eth_getBalance
eth_getBalance
eth_getBalance
eth_getBalance
eth_getBalance
eth_blockNumber
eth_getBalance
eth_getBalance
eth_getBalance
eth_getBalance
eth_getBalance
eth_getBalance
eth_blockNumber
eth_getBalance
eth_getBalance
eth_getBalance
eth_getBalance
eth_getBalance
eth_getBalance
eth_blockNumber
eth_getBalance
eth_getBalance
eth_getBalance
eth_getBalance
eth_getBalance
eth_getBalance
eth_blockNumber
eth_getBalance
eth_getBalance
eth_getBalance
eth_getBalance
eth_getBalance
eth_getBalance
eth_blockNumber
eth_getBalance
eth_getBalance
eth_getBalance
eth_getBalance
eth_getBalance
eth_getBalance
eth_blockNumber
eth_getBalance
eth_getBalance
eth_getBalance
eth_getBalance
eth_getBalance
eth_getBalance
eth_blockNumber
eth_getBalance
eth_getBalance
eth_getBalance
eth_getBalance
eth_getBalance
eth_getBalance
eth_blockNumber
eth_getBalance
eth_getBalance
eth_getBalance
eth_getBalance
eth_getBalance
eth_getBalance
eth_blockNumber
eth_getBalance
eth_getBalance
eth_getBalance
eth_getBalance
eth_getBalance
eth_getBalance
eth_blockNumber
eth_getBalance
eth_getBalance
eth_getBalance
eth_getBalance
eth_getBalance
eth_getBalance
eth_blockNumber
eth_getBalance
eth_getBalance
eth_getBalance
eth_getBalance
eth_getBalance
eth_getBalance
eth_blockNumber
eth_getBalance
eth_getBalance
eth_getBalance
eth_getBalance
eth_getBalance
eth_getBalance
eth_blockNumber
eth_getBalance
eth_getBalance
eth_getBalance
eth_getBalance
eth_getBalance
eth_getBalance
eth_blockNumber
eth_getBalance
eth_getBalance
eth_getBalance
eth_getBalance
eth_getBalance
eth_getBalance
eth_blockNumber
eth_getBalance
eth_getBalance
eth_getBalance
eth_getBalance
eth_getBalance
eth_getBalance
eth_blockNumber
eth_getBalance
eth_getBalance
eth_getBalance
eth_getBalance
eth_getBalance
eth_getBalance
eth_blockNumber
eth_getBalance
eth_getBalance
eth_getBalance
eth_getBalance
eth_getBalance
eth_getBalance
eth_blockNumber
eth_getBalance
eth_getBalance
eth_getBalance
eth_getBalance
eth_getBalance
eth_getBalance
eth_blockNumber
eth_getBalance
eth_getBalance
eth_getBalance
eth_getBalance
eth_getBalance
eth_getBalance
eth_blockNumber
eth_getBalance
eth_getBalance
eth_getBalance
eth_getBalance
eth_getBalance
eth_getBalance
eth_blockNumber
eth_getBalance
eth_getBalance
eth_getBalance
eth_getBalance
eth_getBalance
eth_getBalance
eth_blockNumber
eth_getBalance
eth_getBalance
eth_getBalance
eth_getBalance
eth_getBalance
eth_getBalance
eth_blockNumber
eth_getBalance
eth_getBalance
eth_getBalance
eth_getBalance
eth_getBalance
eth_getBalance
eth_blockNumber
eth_getBalance
eth_getBalance
eth_getBalance
eth_getBalance
eth_getBalance
eth_getBalance
eth_blockNumber
eth_getBalance
eth_getBalance
eth_getBalance
eth_getBalance
eth_getBalance
eth_getBalance
eth_blockNumber
eth_getBalance
eth_getBalance
eth_getBalance
eth_getBalance
eth_getBalance
eth_getBalance
eth_blockNumber
eth_getBalance
eth_getBalance
eth_getBalance
eth_getBalance
eth_getBalance
eth_getBalance
eth_blockNumber
eth_getBalance
eth_getBalance
eth_getBalance
eth_getBalance
eth_getBalance
eth_getBalance
eth_blockNumber
eth_getBalance
eth_getBalance
eth_getBalance
eth_getBalance
eth_getBalance
eth_getBalance
eth_blockNumber
eth_getBalance
eth_getBalance
eth_getBalance
eth_getBalance
eth_getBalance
eth_getBalance
eth_blockNumber
eth_getBalance
eth_getBalance
eth_getBalance
eth_getBalance
eth_getBalance
eth_getBalance
eth_blockNumber
eth_getBalance
eth_getBalance
eth_getBalance
eth_getBalance
eth_getBalance
eth_getBalance
eth_blockNumber
eth_getBalance
eth_getBalance
eth_getBalance
eth_getBalance
eth_getBalance
eth_getBalance
eth_blockNumber
eth_getBalance
eth_getBalance
eth_getBalance
eth_getBalance
eth_getBalance
eth_getBalance
eth_blockNumber
eth_getBalance
eth_getBalance
eth_getBalance
eth_getBalance
eth_getBalance
eth_getBalance
eth_blockNumber
eth_getBalance
eth_getBalance
eth_getBalance
eth_getBalance
eth_getBalance
eth_getBalance
eth_blockNumber
eth_getBalance
eth_getBalance
eth_getBalance
eth_getBalance
eth_getBalance
eth_getBalance
eth_blockNumber
eth_getBalance
eth_getBalance
eth_getBalance
eth_getBalance
eth_getBalance
eth_getBalance
eth_blockNumber
eth_getBalance
eth_getBalance
eth_getBalance
eth_getBalance
eth_getBalance
eth_getBalance
eth_blockNumber
eth_getBalance
eth_getBalance
eth_getBalance
eth_getBalance
eth_getBalance
eth_getBalance
eth_blockNumber
eth_getBalance
eth_getBalance
eth_getBalance
eth_getBalance
eth_getBalance
eth_getBalance
eth_blockNumber
eth_getBalance
eth_getBalance
eth_getBalance
eth_getBalance
eth_getBalance
eth_getBalance
eth_blockNumber
eth_getBalance
eth_getBalance
eth_getBalance
eth_getBalance
eth_getBalance
eth_getBalance
eth_blockNumber
eth_getBalance
eth_getBalance
eth_getBalance
eth_getBalance
eth_getBalance
eth_getBalance
eth_blockNumber
eth_getBalance
eth_getBalance
eth_getBalance
eth_getBalance
eth_getBalance
eth_getBalance
eth_blockNumber
eth_getBalance
eth_getBalance
eth_getBalance
eth_getBalance
eth_getBalance
eth_getBalance
eth_blockNumber
eth_getBalance
eth_getBalance
eth_getBalance
eth_getBalance
eth_getBalance
eth_getBalance
eth_blockNumber
eth_getBalance
eth_getBalance
eth_getBalance
eth_getBalance
eth_getBalance
eth_getBalance
eth_blockNumber
eth_getBalance
eth_getBalance
eth_getBalance
eth_getBalance
eth_getBalance
eth_getBalance
eth_blockNumber
eth_getBalance
eth_getBalance
eth_getBalance
eth_getBalance
eth_getBalance
eth_getBalance
eth_blockNumber
eth_getBalance
eth_getBalance
eth_getBalance
eth_getBalance
eth_getBalance
eth_getBalance
eth_blockNumber
eth_getBalance
eth_getBalance
eth_getBalance
eth_getBalance
eth_getBalance
eth_getBalance
eth_blockNumber
eth_getBalance
eth_getBalance
eth_getBalance
eth_getBalance
eth_getBalance
eth_getBalance
eth_blockNumber
eth_getBalance
eth_getBalance
eth_getBalance
eth_getBalance
eth_getBalance
eth_getBalance
eth_blockNumber
eth_getBalance
eth_getBalance
eth_getBalance
eth_getBalance
eth_getBalance
eth_getBalance
eth_blockNumber
eth_getBalance
eth_getBalance
eth_getBalance
eth_getBalance
eth_getBalance
eth_getBalance
eth_blockNumber
eth_getBalance
eth_getBalance
eth_getBalance
eth_getBalance
eth_getBalance
eth_getBalance
eth_blockNumber
eth_getBalance
eth_getBalance
eth_getBalance
eth_getBalance
eth_getBalance
eth_getBalance
eth_blockNumber
eth_getBalance
eth_getBalance
eth_getBalance
eth_getBalance
eth_getBalance
eth_getBalance
eth_blockNumber
eth_getBalance
eth_getBalance
eth_getBalance
eth_getBalance
eth_getBalance
eth_getBalance
eth_blockNumber
eth_getBalance
eth_getBalance
eth_getBalance
eth_getBalance
eth_getBalance
eth_getBalance
eth_blockNumber
eth_getBalance
eth_getBalance
eth_getBalance
eth_getBalance
eth_getBalance
eth_getBalance
eth_blockNumber
eth_getBalance
eth_getBalance
eth_getBalance
eth_getBalance
eth_getBalance
eth_getBalance
eth_blockNumber
eth_getBalance
eth_getBalance
eth_getBalance
eth_getBalance
eth_getBalance
eth_getBalance
eth_blockNumber
eth_getBalance
eth_getBalance
eth_getBalance
eth_getBalance
eth_getBalance
eth_getBalance
eth_blockNumber
eth_getBalance
eth_getBalance
eth_getBalance
eth_getBalance
eth_getBalance
eth_getBalance
eth_blockNumber
eth_getBalance
eth_getBalance
eth_getBalance
eth_getBalance
eth_getBalance
eth_getBalance
eth_blockNumber
eth_getBalance
eth_getBalance
eth_getBalance
eth_getBalance
eth_getBalance
eth_getBalance
eth_blockNumber
eth_getBalance
eth_getBalance
eth_getBalance
eth_getBalance
eth_getBalance
eth_getBalance
eth_blockNumber
eth_getBalance
eth_getBalance
eth_getBalance
eth_getBalance
eth_getBalance
eth_getBalance
eth_blockNumber
eth_getBalance
eth_getBalance
eth_getBalance
eth_getBalance
eth_getBalance
eth_getBalance
eth_blockNumber
eth_getBalance
eth_getBalance
eth_getBalance
eth_getBalance
eth_getBalance
eth_getBalance
eth_blockNumber
eth_getBalance
eth_getBalance
eth_getBalance
eth_getBalance
eth_getBalance
eth_getBalance
eth_blockNumber
eth_getBalance
eth_getBalance
eth_getBalance
eth_getBalance
eth_getBalance
eth_getBalance
eth_blockNumber
eth_getBalance
eth_getBalance
eth_getBalance
eth_getBalance
eth_getBalance
eth_getBalance
eth_blockNumber
eth_getBalance
eth_getBalance
eth_getBalance
eth_getBalance
eth_getBalance
eth_getBalance
eth_blockNumber
eth_getBalance
eth_getBalance
eth_getBalance
eth_getBalance
eth_getBalance
eth_getBalance
eth_blockNumber
eth_blockNumber
eth_getBalance
eth_getBalance
eth_getBalance
eth_getBalance
eth_getBalance
eth_getBalance
eth_blockNumber
eth_getBalance
eth_getBalance
eth_getBalance
eth_getBalance
eth_getBalance
eth_getBalance
eth_blockNumber
eth_getBalance
eth_getBalance
eth_getBalance
eth_getBalance
eth_getBalance
eth_getBalance
eth_blockNumber
eth_getBalance
eth_getBalance
eth_getBalance
eth_getBalance
eth_getBalance
eth_getBalance
eth_blockNumber
eth_getBalance
eth_getBalance
eth_getBalance
eth_getBalance
eth_getBalance
eth_getBalance
eth_blockNumber
eth_getBalance
eth_getBalance
eth_getBalance
eth_getBalance
eth_getBalance
eth_getBalance
eth_blockNumber
eth_getBalance
eth_getBalance
eth_getBalance
eth_getBalance
eth_getBalance
eth_getBalance
eth_blockNumber
eth_getBalance
eth_getBalance
eth_getBalance
eth_getBalance
eth_getBalance
eth_getBalance
eth_blockNumber
eth_getBalance
eth_getBalance
eth_getBalance
eth_getBalance
eth_getBalance
eth_getBalance
eth_blockNumber
eth_getBalance
eth_getBalance
eth_getBalance
eth_getBalance
eth_getBalance
eth_getBalance
eth_blockNumber
eth_getBalance
eth_getBalance
eth_getBalance
eth_getBalance
eth_getBalance
eth_getBalance
eth_blockNumber
eth_getBalance
eth_getBalance
eth_getBalance
eth_getBalance
eth_getBalance
eth_getBalance
eth_blockNumber
eth_getBalance
eth_getBalance
eth_getBalance
eth_getBalance
eth_getBalance
eth_getBalance
eth_blockNumber
eth_getBalance
eth_getBalance
eth_getBalance
eth_getBalance
eth_getBalance
eth_getBalance
eth_blockNumber
eth_getBalance
eth_getBalance
eth_getBalance
eth_getBalance
eth_getBalance
eth_getBalance
eth_blockNumber
eth_getBalance
eth_getBalance
eth_getBalance
eth_getBalance
eth_getBalance
eth_getBalance
eth_blockNumber
eth_getBalance
eth_getBalance
eth_getBalance
eth_getBalance
eth_getBalance
eth_getBalance
eth_blockNumber
eth_getBalance
eth_getBalance
eth_getBalance
eth_getBalance
eth_getBalance
eth_getBalance
eth_blockNumber
eth_getBalance
eth_getBalance
eth_getBalance
eth_getBalance
eth_getBalance
eth_getBalance
eth_blockNumber
eth_getBalance
eth_getBalance
eth_getBalance
eth_getBalance
eth_getBalance
eth_getBalance
eth_blockNumber
eth_getBalance
eth_getBalance
eth_getBalance
eth_getBalance
eth_getBalance
eth_getBalance
eth_blockNumber
eth_getBalance
eth_getBalance
eth_getBalance
eth_getBalance
eth_getBalance
eth_getBalance
eth_blockNumber
eth_getBalance
eth_getBalance
eth_getBalance
eth_getBalance
eth_getBalance
eth_getBalance
eth_blockNumber
eth_getBalance
eth_getBalance
eth_getBalance
eth_getBalance
eth_getBalance
eth_getBalance
eth_blockNumber
eth_getBalance
eth_getBalance
eth_getBalance
eth_getBalance
eth_getBalance
eth_getBalance
eth_blockNumber
eth_getBalance
eth_getBalance
eth_getBalance
eth_getBalance
eth_getBalance
eth_getBalance
eth_blockNumber
eth_getBalance
eth_getBalance
eth_getBalance
eth_getBalance
eth_getBalance
eth_getBalance
eth_blockNumber
eth_getBalance
eth_getBalance
eth_getBalance
eth_getBalance
eth_getBalance
eth_getBalance
eth_blockNumber
eth_getBalance
eth_getBalance
eth_getBalance
eth_getBalance
eth_getBalance
eth_getBalance
eth_blockNumber
eth_getBalance
eth_getBalance
eth_getBalance
eth_getBalance
eth_getBalance
eth_getBalance
eth_blockNumber
eth_getBalance
eth_getBalance
eth_getBalance
eth_getBalance
eth_getBalance
eth_getBalance
eth_blockNumber
eth_getBalance
eth_getBalance
eth_getBalance
eth_getBalance
eth_getBalance
eth_getBalance
eth_blockNumber
eth_getBalance
eth_getBalance
eth_getBalance
eth_getBalance
eth_getBalance
eth_getBalance
eth_blockNumber
eth_getBalance
eth_getBalance
eth_getBalance
eth_getBalance
eth_getBalance
eth_getBalance
eth_blockNumber
eth_getBalance
eth_getBalance
eth_getBalance
eth_getBalance
eth_getBalance
eth_getBalance
eth_blockNumber
eth_getBalance
eth_getBalance
eth_getBalance
eth_getBalance
eth_getBalance
eth_getBalance
eth_blockNumber
eth_getBalance
eth_getBalance
eth_getBalance
eth_getBalance
eth_getBalance
eth_getBalance
eth_blockNumber
eth_getBalance
eth_getBalance
eth_getBalance
eth_getBalance
eth_getBalance
eth_getBalance
eth_blockNumber
eth_getBalance
eth_getBalance
eth_getBalance
eth_getBalance
eth_getBalance
eth_getBalance
eth_blockNumber
eth_getBalance
eth_getBalance
eth_getBalance
eth_getBalance
eth_getBalance
eth_getBalance
eth_blockNumber
eth_getBalance
eth_getBalance
eth_getBalance
eth_getBalance
eth_getBalance
eth_getBalance
eth_blockNumber
eth_getBalance
eth_getBalance
eth_getBalance
eth_getBalance
eth_getBalance
eth_getBalance
eth_blockNumber
eth_getBalance
eth_getBalance
eth_getBalance
eth_getBalance
eth_getBalance
eth_getBalance
eth_blockNumber
eth_getBalance
eth_getBalance
eth_getBalance
eth_getBalance
eth_getBalance
eth_getBalance
eth_blockNumber
eth_getBalance
eth_getBalance
eth_getBalance
eth_getBalance
eth_getBalance
eth_getBalance
eth_blockNumber
eth_getBalance
eth_getBalance
eth_getBalance
eth_getBalance
eth_getBalance
eth_getBalance
eth_blockNumber
eth_getBalance
eth_getBalance
eth_getBalance
eth_getBalance
eth_getBalance
eth_getBalance
eth_blockNumber
eth_getBalance
eth_getBalance
eth_getBalance
eth_getBalance
eth_getBalance
eth_getBalance
eth_blockNumber
eth_getBalance
eth_getBalance
eth_getBalance
eth_getBalance
eth_getBalance
eth_getBalance
eth_blockNumber
eth_getBalance
eth_getBalance
eth_getBalance
eth_getBalance
eth_getBalance
eth_getBalance
eth_blockNumber
eth_getBalance
eth_getBalance
eth_getBalance
eth_getBalance
eth_getBalance
eth_getBalance
eth_blockNumber
eth_getBalance
eth_getBalance
eth_getBalance
eth_getBalance
eth_getBalance
eth_getBalance
eth_blockNumber
eth_getBalance
eth_getBalance
eth_getBalance
eth_getBalance
eth_getBalance
eth_getBalance
eth_blockNumber
eth_getBalance
eth_getBalance
eth_getBalance
eth_getBalance
eth_getBalance
eth_getBalance
eth_blockNumber
eth_getBalance
eth_getBalance
eth_getBalance
eth_getBalance
eth_getBalance
eth_getBalance
eth_blockNumber
eth_getBalance
eth_getBalance
eth_getBalance
eth_getBalance
eth_getBalance
eth_getBalance
eth_blockNumber
eth_getBalance
eth_getBalance
eth_getBalance
eth_getBalance
eth_blockNumber
eth_getBalance
eth_getBalance
eth_getBalance
eth_getBalance
eth_getBalance
eth_getBalance
eth_blockNumber
eth_getBalance
eth_getBalance
eth_blockNumber
eth_getBalance
eth_getBalance
eth_getBalance
eth_getBalance
eth_getBalance
eth_getBalance
eth_blockNumber
eth_getBalance
eth_getBalance
eth_getBalance
eth_getBalance
eth_getBalance
eth_getBalance
eth_blockNumber
eth_getBalance
eth_getBalance
eth_getBalance
eth_getBalance
eth_getBalance
eth_getBalance
eth_blockNumber
eth_getBalance
eth_getBalance
eth_getBalance
eth_getBalance
eth_getBalance
eth_getBalance
eth_blockNumber
eth_getBalance
eth_getBalance
eth_getBalance
eth_getBalance
eth_getBalance
eth_getBalance
eth_blockNumber
eth_getBalance
eth_getBalance
eth_getBalance
eth_getBalance
eth_getBalance
eth_getBalance
eth_blockNumber
eth_getBalance
eth_getBalance
eth_getBalance
eth_getBalance
eth_getBalance
eth_getBalance
eth_blockNumber
eth_getBalance
eth_getBalance
eth_getBalance
eth_getBalance
eth_getBalance
eth_getBalance
eth_blockNumber
eth_getBalance
eth_getBalance
eth_getBalance
eth_getBalance
eth_getBalance
eth_getBalance
eth_blockNumber
eth_getBalance
eth_getBalance
eth_getBalance
eth_getBalance
eth_getBalance
eth_getBalance
eth_blockNumber
eth_getBalance
eth_getBalance
eth_getBalance
eth_getBalance
eth_getBalance
eth_getBalance
eth_blockNumber
eth_getBalance
eth_getBalance
eth_getBalance
eth_getBalance
eth_getBalance
eth_getBalance
eth_blockNumber
eth_getBalance
eth_getBalance
eth_getBalance
eth_getBalance
eth_getBalance
eth_getBalance
eth_blockNumber
eth_getBalance
eth_getBalance
eth_getBalance
eth_getBalance
eth_getBalance
eth_getBalance
eth_blockNumber
eth_getBalance
eth_getBalance
eth_getBalance
eth_getBalance
eth_getBalance
eth_getBalance
eth_blockNumber
eth_getBalance
eth_getBalance
eth_getBalance
eth_getBalance
eth_getBalance
eth_getBalance
eth_blockNumber
eth_getBalance
eth_getBalance
eth_getBalance
eth_getBalance
eth_getBalance
eth_getBalance
eth_blockNumber
eth_getBalance
eth_getBalance
eth_getBalance
eth_getBalance
eth_getBalance
eth_getBalance
eth_blockNumber
eth_getBalance
eth_getBalance
eth_getBalance
eth_getBalance
eth_getBalance
eth_getBalance
eth_blockNumber
eth_getBalance
eth_getBalance
eth_getBalance
eth_getBalance
eth_getBalance
eth_getBalance
eth_blockNumber
eth_getBalance
eth_getBalance
eth_getBalance
eth_getBalance
eth_getBalance
eth_getBalance
eth_blockNumber
eth_getBalance
eth_getBalance
eth_getBalance
eth_getBalance
eth_getBalance
eth_getBalance
eth_blockNumber
eth_getBalance
eth_getBalance
eth_getBalance
eth_getBalance
eth_getBalance
eth_getBalance
eth_blockNumber
eth_getBalance
eth_getBalance
eth_getBalance
eth_getBalance
eth_getBalance
eth_getBalance
eth_blockNumber
eth_getBalance
eth_getBalance
eth_getBalance
eth_getBalance
eth_getBalance
eth_getBalance
eth_blockNumber
eth_getBalance
eth_getBalance
eth_getBalance
eth_getBalance
eth_getBalance
eth_getBalance
eth_blockNumber
eth_getBalance
eth_getBalance
eth_getBalance
eth_getBalance
eth_getBalance
eth_getBalance
eth_blockNumber
eth_getBalance
eth_getBalance
eth_getBalance
eth_getBalance
eth_getBalance
eth_getBalance
eth_blockNumber
eth_getBalance
eth_getBalance
eth_getBalance
eth_getBalance
eth_getBalance
eth_getBalance
eth_blockNumber
eth_getBalance
eth_getBalance
eth_getBalance
eth_getBalance
eth_getBalance
eth_getBalance
eth_blockNumber
eth_getBalance
eth_getBalance
eth_getBalance
eth_getBalance
eth_getBalance
eth_getBalance
eth_blockNumber
eth_getBalance
eth_getBalance
eth_getBalance
eth_getBalance
eth_getBalance
eth_getBalance
eth_blockNumber
eth_getBalance
eth_getBalance
eth_getBalance
eth_getBalance
eth_getBalance
eth_getBalance
eth_blockNumber
eth_getBalance
eth_getBalance
eth_getBalance
eth_getBalance
eth_getBalance
eth_getBalance
eth_blockNumber
eth_getBalance
eth_getBalance
eth_getBalance
eth_getBalance
eth_getBalance
eth_getBalance
eth_blockNumber
eth_getBalance
eth_getBalance
eth_getBalance
eth_getBalance
eth_getBalance
eth_getBalance
eth_blockNumber
eth_getBalance
eth_getBalance
eth_getBalance
eth_getBalance
eth_getBalance
eth_getBalance
eth_blockNumber
eth_getBalance
eth_getBalance
eth_getBalance
eth_getBalance
eth_getBalance
eth_getBalance
eth_blockNumber
eth_getBalance
eth_getBalance
eth_getBalance
eth_getBalance
eth_getBalance
eth_getBalance
eth_blockNumber
eth_getBalance
eth_getBalance
eth_getBalance
eth_getBalance
eth_getBalance
eth_getBalance
eth_blockNumber
eth_getBalance
eth_getBalance
eth_getBalance
eth_getBalance
eth_getBalance
eth_getBalance
eth_blockNumber
eth_getBalance
eth_getBalance
eth_getBalance
eth_getBalance
eth_getBalance
eth_getBalance
eth_blockNumber
eth_getBalance
eth_getBalance
eth_getBalance
eth_getBalance
eth_getBalance
eth_getBalance
eth_blockNumber
eth_getBalance
eth_getBalance
eth_getBalance
eth_getBalance
eth_getBalance
eth_getBalance
eth_blockNumber
eth_getBalance
eth_getBalance
eth_getBalance
eth_getBalance
eth_getBalance
eth_getBalance
eth_blockNumber
eth_getBalance
eth_getBalance
eth_getBalance
eth_getBalance
eth_getBalance
eth_getBalance
eth_blockNumber
eth_getBalance
eth_getBalance
eth_getBalance
eth_getBalance
eth_getBalance
eth_getBalance
eth_blockNumber
eth_getBalance
eth_getBalance
eth_getBalance
eth_getBalance
eth_getBalance
eth_getBalance
eth_blockNumber
eth_getBalance
eth_getBalance
eth_getBalance
eth_getBalance
eth_getBalance
eth_getBalance
eth_blockNumber
eth_getBalance
eth_getBalance
eth_getBalance
eth_getBalance
eth_getBalance
eth_getBalance
eth_blockNumber
eth_getBalance
eth_getBalance
eth_getBalance
eth_getBalance
eth_getBalance
eth_getBalance
eth_blockNumber
eth_getBalance
eth_getBalance
eth_getBalance
eth_getBalance
eth_getBalance
eth_getBalance
eth_blockNumber
eth_getBalance
eth_getBalance
eth_getBalance
eth_getBalance
eth_getBalance
eth_getBalance
eth_blockNumber
eth_getBalance
eth_getBalance
eth_getBalance
eth_getBalance
eth_getBalance
eth_getBalance
eth_blockNumber
eth_getBalance
eth_getBalance
eth_getBalance
eth_getBalance
eth_getBalance
eth_getBalance
eth_blockNumber
eth_getBalance
eth_getBalance
eth_getBalance
eth_getBalance
eth_getBalance
eth_getBalance
eth_blockNumber
eth_getBalance
eth_getBalance
eth_getBalance
eth_getBalance
eth_getBalance
eth_getBalance
eth_blockNumber
eth_getBalance
eth_getBalance
eth_getBalance
eth_getBalance
eth_getBalance
eth_getBalance
eth_blockNumber
eth_getBalance
eth_getBalance
eth_getBalance
eth_getBalance
eth_getBalance
eth_getBalance
eth_blockNumber
eth_getBalance
eth_getBalance
eth_getBalance
eth_getBalance
eth_getBalance
eth_getBalance
eth_blockNumber
eth_getBalance
eth_getBalance
eth_getBalance
eth_getBalance
eth_getBalance
eth_getBalance
eth_blockNumber
eth_getBalance
eth_getBalance
eth_getBalance
eth_getBalance
eth_getBalance
eth_getBalance
eth_blockNumber
eth_getBalance
eth_getBalance
eth_getBalance
eth_getBalance
eth_getBalance
eth_getBalance
eth_blockNumber
eth_getBalance
eth_getBalance
eth_getBalance
eth_getBalance
eth_getBalance
eth_getBalance
eth_blockNumber
eth_getBalance
eth_getBalance
eth_getBalance
eth_getBalance
eth_getBalance
eth_getBalance
eth_blockNumber
eth_getBalance
eth_getBalance
eth_getBalance
eth_getBalance
eth_getBalance
eth_getBalance
eth_blockNumber
eth_getBalance
eth_getBalance
eth_getBalance
eth_getBalance
eth_getBalance
eth_getBalance
eth_blockNumber
eth_getBalance
eth_getBalance
eth_getBalance
eth_getBalance
eth_getBalance
eth_getBalance
eth_blockNumber
eth_getBalance
eth_getBalance
eth_getBalance
eth_getBalance
eth_getBalance
eth_getBalance
eth_blockNumber
eth_getBalance
eth_getBalance
eth_getBalance
eth_getBalance
eth_getBalance
eth_getBalance
eth_blockNumber
eth_getBalance
eth_getBalance
eth_getBalance
eth_getBalance
eth_getBalance
eth_getBalance
eth_blockNumber
eth_getBalance
eth_getBalance
eth_getBalance
eth_getBalance
eth_getBalance
eth_getBalance
eth_blockNumber
eth_getBalance
eth_getBalance
eth_getBalance
eth_getBalance
eth_getBalance
eth_getBalance
eth_blockNumber
eth_getBalance
eth_getBalance
eth_getBalance
eth_getBalance
eth_getBalance
eth_getBalance
eth_blockNumber
eth_getBalance
eth_getBalance
eth_getBalance
eth_getBalance
eth_getBalance
eth_getBalance
eth_blockNumber
eth_getBalance
eth_getBalance
eth_getBalance
eth_getBalance
eth_getBalance
eth_getBalance
eth_blockNumber
eth_getBalance
eth_getBalance
eth_getBalance
eth_getBalance
eth_getBalance
eth_getBalance
eth_blockNumber
eth_getBalance
eth_getBalance
eth_getBalance
eth_getBalance
eth_getBalance
eth_getBalance
eth_blockNumber
eth_getBalance
eth_getBalance
eth_getBalance
eth_getBalance
eth_getBalance
eth_getBalance
eth_blockNumber
eth_getBalance
eth_getBalance
eth_getBalance
eth_getBalance
eth_getBalance
eth_getBalance
eth_blockNumber
eth_getBalance
eth_getBalance
eth_getBalance
eth_getBalance
eth_getBalance
eth_getBalance
eth_blockNumber
eth_getBalance
eth_getBalance
eth_getBalance
eth_getBalance
eth_getBalance
eth_getBalance
eth_blockNumber
eth_getBalance
eth_getBalance
eth_getBalance
eth_getBalance
eth_getBalance
eth_getBalance
eth_blockNumber
eth_getBalance
eth_getBalance
eth_getBalance
eth_getBalance
eth_getBalance
eth_getBalance
eth_blockNumber
eth_getBalance
eth_getBalance
eth_getBalance
eth_getBalance
eth_getBalance
eth_getBalance
eth_blockNumber
eth_getBalance
eth_getBalance
eth_getBalance
eth_getBalance
eth_getBalance
eth_getBalance
eth_blockNumber
eth_getBalance
eth_getBalance
eth_getBalance
eth_getBalance
eth_getBalance
eth_getBalance
eth_blockNumber
eth_getBalance
eth_getBalance
eth_getBalance
eth_getBalance
eth_getBalance
eth_getBalance
eth_blockNumber
eth_getBalance
eth_getBalance
eth_getBalance
eth_getBalance
eth_getBalance
eth_getBalance
eth_blockNumber
eth_getBalance
eth_getBalance
eth_getBalance
eth_getBalance
eth_getBalance
eth_getBalance
eth_blockNumber
eth_getBalance
eth_getBalance
eth_getBalance
eth_getBalance
eth_getBalance
eth_getBalance
eth_blockNumber
eth_getBalance
eth_getBalance
eth_getBalance
eth_getBalance
eth_getBalance
eth_getBalance
eth_blockNumber
eth_getBalance
eth_getBalance
eth_getBalance
eth_getBalance
eth_getBalance
eth_getBalance
eth_blockNumber
eth_getBalance
eth_getBalance
eth_getBalance
eth_getBalance
eth_getBalance
eth_getBalance
eth_blockNumber
eth_getBalance
eth_getBalance
eth_getBalance
eth_getBalance
eth_getBalance
eth_getBalance
eth_blockNumber
eth_getBalance
eth_getBalance
eth_getBalance
eth_getBalance
eth_getBalance
eth_getBalance
eth_blockNumber
eth_getBalance
eth_getBalance
eth_getBalance
eth_getBalance
eth_getBalance
eth_getBalance
eth_blockNumber
eth_getBalance
eth_getBalance
eth_getBalance
eth_getBalance
eth_getBalance
eth_getBalance
eth_blockNumber
eth_getBalance
eth_getBalance
eth_getBalance
eth_getBalance
eth_getBalance
eth_getBalance
eth_blockNumber
eth_getBalance
eth_getBalance
eth_getBalance
eth_getBalance
eth_getBalance
eth_getBalance
eth_blockNumber
eth_getBalance
eth_getBalance
eth_getBalance
eth_getBalance
eth_getBalance
eth_getBalance
eth_blockNumber
eth_getBalance
eth_getBalance
eth_getBalance
eth_getBalance
eth_getBalance
eth_getBalance
eth_blockNumber
eth_getBalance
eth_getBalance
eth_getBalance
eth_getBalance
eth_getBalance
eth_getBalance
eth_blockNumber
eth_getBalance
eth_getBalance
eth_getBalance
eth_getBalance
eth_getBalance
eth_getBalance
eth_blockNumber
eth_getBalance
eth_getBalance
eth_getBalance
eth_getBalance
eth_getBalance
eth_getBalance
eth_blockNumber
eth_getBalance
eth_getBalance
eth_getBalance
eth_getBalance
eth_getBalance
eth_getBalance
eth_blockNumber
eth_getBalance
eth_getBalance
eth_getBalance
eth_getBalance
eth_getBalance
eth_getBalance
eth_blockNumber
eth_getBalance
eth_getBalance
eth_getBalance
eth_getBalance
eth_getBalance
eth_getBalance
eth_blockNumber
eth_getBalance
eth_getBalance
eth_getBalance
eth_getBalance
eth_getBalance
eth_getBalance
eth_blockNumber
eth_getBalance
eth_getBalance
eth_getBalance
eth_getBalance
eth_getBalance
eth_getBalance
eth_blockNumber
eth_getBalance
eth_getBalance
eth_getBalance
eth_getBalance
eth_getBalance
eth_getBalance
eth_blockNumber
eth_getBalance
eth_getBalance
eth_getBalance
eth_getBalance
eth_getBalance
eth_getBalance
eth_blockNumber
eth_getBalance
eth_getBalance
eth_getBalance
eth_getBalance
eth_getBalance
eth_getBalance
eth_blockNumber
eth_getBalance
eth_getBalance
eth_getBalance
eth_getBalance
eth_getBalance
eth_getBalance
eth_blockNumber
eth_getBalance
eth_getBalance
eth_getBalance
eth_getBalance
eth_getBalance
eth_getBalance
eth_blockNumber
eth_getBalance
eth_getBalance
eth_getBalance
eth_getBalance
eth_getBalance
eth_getBalance
eth_blockNumber
eth_getBalance
eth_getBalance
eth_getBalance
eth_getBalance
eth_getBalance
eth_getBalance
eth_blockNumber
eth_getBalance
eth_getBalance
eth_getBalance
eth_getBalance
eth_getBalance
eth_getBalance
eth_blockNumber
eth_getBalance
eth_getBalance
eth_getBalance
eth_getBalance
eth_getBalance
eth_getBalance
eth_blockNumber
eth_getBalance
eth_getBalance
eth_getBalance
eth_getBalance
eth_getBalance
eth_blockNumber
eth_getBalance
eth_getBalance
eth_getBalance
eth_getBalance
eth_getBalance
eth_getBalance
eth_blockNumber
eth_getBalance
eth_blockNumber
eth_getBalance
eth_getBalance
eth_getBalance
eth_getBalance
eth_getBalance
eth_getBalance
eth_blockNumber
eth_getBalance
eth_getBalance
eth_getBalance
eth_getBalance
eth_getBalance
eth_getBalance
eth_blockNumber
eth_getBalance
eth_getBalance
eth_getBalance
eth_getBalance
eth_getBalance
eth_getBalance
eth_blockNumber
eth_getBalance
eth_getBalance
eth_getBalance
eth_getBalance
eth_getBalance
eth_getBalance
eth_blockNumber
eth_getBalance
eth_getBalance
eth_getBalance
eth_getBalance
eth_getBalance
eth_getBalance
eth_blockNumber
eth_getBalance
eth_getBalance
eth_getBalance
eth_getBalance
eth_getBalance
eth_getBalance
eth_blockNumber
eth_getBalance
eth_getBalance
eth_getBalance
eth_getBalance
eth_getBalance
eth_getBalance
eth_blockNumber
eth_getBalance
eth_getBalance
eth_getBalance
eth_getBalance
eth_getBalance
eth_getBalance
eth_blockNumber
eth_getBalance
eth_getBalance
eth_getBalance
eth_getBalance
eth_getBalance
eth_getBalance
eth_blockNumber
eth_getBalance
eth_getBalance
eth_getBalance
eth_getBalance
eth_getBalance
eth_getBalance
eth_blockNumber
eth_getBalance
eth_getBalance
eth_getBalance
eth_getBalance
eth_getBalance
eth_getBalance
eth_blockNumber
eth_getBalance
eth_getBalance
eth_getBalance
eth_getBalance
eth_getBalance
eth_getBalance
eth_blockNumber
eth_getBalance
eth_getBalance
eth_getBalance
eth_getBalance
eth_getBalance
eth_getBalance
eth_blockNumber
eth_getBalance
eth_getBalance
eth_getBalance
eth_getBalance
eth_getBalance
eth_getBalance
eth_blockNumber
eth_getBalance
eth_getBalance
eth_getBalance
eth_getBalance
eth_getBalance
eth_getBalance
eth_blockNumber
eth_getBalance
eth_getBalance
eth_getBalance
eth_getBalance
eth_getBalance
eth_getBalance
eth_blockNumber
eth_getBalance
eth_getBalance
eth_getBalance
eth_getBalance
eth_getBalance
eth_getBalance
eth_blockNumber
eth_getBalance
eth_getBalance
eth_getBalance
eth_getBalance
eth_getBalance
eth_getBalance
eth_blockNumber
eth_getBalance
eth_getBalance
eth_getBalance
eth_getBalance
eth_getBalance
eth_getBalance
eth_blockNumber
eth_getBalance
eth_getBalance
eth_getBalance
eth_getBalance
eth_getBalance
eth_getBalance
eth_blockNumber
eth_getBalance
eth_getBalance
eth_getBalance
eth_getBalance
eth_getBalance
eth_getBalance
eth_blockNumber
eth_getBalance
eth_getBalance
eth_getBalance
eth_getBalance
eth_getBalance
eth_getBalance
eth_blockNumber
eth_getBalance
eth_getBalance
eth_getBalance
eth_getBalance
eth_getBalance
eth_getBalance
eth_blockNumber
eth_getBalance
eth_getBalance
eth_getBalance
eth_getBalance
eth_getBalance
eth_getBalance
eth_blockNumber
eth_getBalance
eth_getBalance
eth_getBalance
eth_getBalance
eth_getBalance
eth_getBalance
eth_blockNumber
eth_getBalance
eth_getBalance
eth_getBalance
eth_getBalance
eth_getBalance
eth_getBalance
eth_blockNumber
eth_getBalance
eth_getBalance
eth_getBalance
eth_getBalance
eth_getBalance
eth_getBalance
eth_blockNumber
eth_getBalance
eth_getBalance
eth_getBalance
eth_getBalance
eth_getBalance
eth_getBalance
eth_blockNumber
eth_getBalance
eth_getBalance
eth_getBalance
eth_getBalance
eth_getBalance
eth_getBalance
eth_blockNumber
eth_getBalance
eth_getBalance
eth_getBalance
eth_getBalance
eth_getBalance
eth_blockNumber
eth_getBalance
eth_getBalance
eth_blockNumber
eth_getBalance
eth_getBalance
eth_getBalance
eth_getBalance
eth_getBalance
eth_getBalance
eth_blockNumber
eth_getBalance
eth_getBalance
eth_getBalance
eth_getBalance
eth_getBalance
eth_getBalance
eth_blockNumber
eth_getBalance
eth_getBalance
eth_getBalance
eth_getBalance
eth_getBalance
eth_getBalance
eth_blockNumber
eth_getBalance
eth_getBalance
eth_getBalance
eth_getBalance
eth_getBalance
eth_getBalance
eth_blockNumber
eth_getBalance
eth_getBalance
eth_getBalance
eth_getBalance
eth_getBalance
eth_getBalance
eth_blockNumber
eth_getBalance
eth_getBalance
eth_getBalance
eth_getBalance
eth_getBalance
eth_getBalance
eth_blockNumber
eth_getBalance
eth_getBalance
eth_getBalance
eth_getBalance
eth_getBalance
eth_getBalance
eth_blockNumber
eth_getBalance
eth_getBalance
eth_getBalance
eth_getBalance
eth_getBalance
eth_getBalance
eth_blockNumber
eth_getBalance
eth_getBalance
eth_getBalance
eth_getBalance
eth_getBalance
eth_getBalance
eth_blockNumber
eth_getBalance
eth_getBalance
eth_getBalance
eth_getBalance
eth_getBalance
eth_getBalance
eth_blockNumber
eth_getBalance
eth_getBalance
eth_getBalance
eth_getBalance
eth_getBalance
eth_getBalance
eth_blockNumber
eth_getBalance
eth_getBalance
eth_getBalance
eth_getBalance
eth_getBalance
eth_getBalance
eth_blockNumber
eth_getBalance
eth_getBalance
eth_getBalance
eth_getBalance
eth_getBalance
eth_getBalance
eth_blockNumber
eth_getBalance
eth_getBalance
eth_getBalance
eth_getBalance
eth_getBalance
eth_getBalance
eth_blockNumber
eth_getBalance
eth_getBalance
eth_getBalance
eth_getBalance
eth_getBalance
eth_getBalance
eth_blockNumber
eth_getBalance
eth_getBalance
eth_getBalance
eth_getBalance
eth_getBalance
eth_getBalance
eth_blockNumber
eth_getBalance
eth_getBalance
eth_getBalance
eth_getBalance
eth_getBalance
eth_getBalance
eth_blockNumber
eth_getBalance
eth_getBalance
eth_getBalance
eth_getBalance
eth_getBalance
eth_getBalance
eth_blockNumber
eth_getBalance
eth_getBalance
eth_getBalance
eth_getBalance
eth_getBalance
eth_getBalance
eth_blockNumber
eth_getBalance
eth_getBalance
eth_getBalance
eth_getBalance
eth_getBalance
eth_getBalance
eth_blockNumber
eth_getBalance
eth_getBalance
eth_getBalance
eth_getBalance
eth_getBalance
eth_getBalance
eth_blockNumber
eth_getBalance
eth_getBalance
eth_getBalance
eth_getBalance
eth_getBalance
eth_getBalance
eth_blockNumber
eth_getBalance
eth_getBalance
eth_getBalance
eth_getBalance
eth_getBalance
eth_getBalance
eth_blockNumber
eth_getBalance
eth_getBalance
eth_getBalance
eth_getBalance
eth_getBalance
eth_getBalance
eth_blockNumber
eth_getBalance
eth_getBalance
eth_getBalance
eth_getBalance
eth_getBalance
eth_getBalance
eth_blockNumber
eth_getBalance
eth_getBalance
eth_getBalance
eth_getBalance
eth_getBalance
eth_getBalance
eth_blockNumber
eth_getBalance
eth_getBalance
eth_getBalance
eth_getBalance
eth_getBalance
eth_getBalance
eth_blockNumber
eth_getBalance
eth_getBalance
eth_getBalance
eth_getBalance
eth_getBalance
eth_getBalance
eth_blockNumber
eth_getBalance
eth_getBalance
eth_getBalance
eth_getBalance
eth_getBalance
eth_getBalance
eth_blockNumber
eth_getBalance
eth_getBalance
eth_getBalance
eth_getBalance
eth_getBalance
eth_getBalance
eth_blockNumber
eth_getBalance
eth_getBalance
eth_getBalance
eth_getBalance
eth_getBalance
eth_getBalance
eth_blockNumber
eth_getBalance
eth_getBalance
eth_getBalance
eth_getBalance
eth_getBalance
eth_getBalance
eth_blockNumber
eth_getBalance
eth_getBalance
eth_getBalance
eth_getBalance
eth_getBalance
eth_getBalance
eth_blockNumber
eth_getBalance
eth_getBalance
eth_getBalance
eth_getBalance
eth_getBalance
eth_getBalance
eth_blockNumber
eth_getBalance
eth_getBalance
eth_getBalance
eth_getBalance
eth_getBalance
eth_getBalance
eth_blockNumber
eth_getBalance
eth_getBalance
eth_getBalance
eth_getBalance
eth_getBalance
eth_getBalance
eth_blockNumber
eth_getBalance
eth_getBalance
eth_getBalance
eth_getBalance
eth_getBalance
eth_getBalance
eth_blockNumber
eth_getBalance
eth_getBalance
eth_getBalance
eth_getBalance
eth_getBalance
eth_getBalance
eth_blockNumber
eth_getBalance
eth_getBalance
eth_getBalance
eth_getBalance
eth_getBalance
eth_getBalance
eth_blockNumber
eth_getBalance
eth_getBalance
eth_getBalance
eth_getBalance
eth_getBalance
eth_getBalance
eth_blockNumber
eth_getBalance
eth_getBalance
eth_getBalance
eth_getBalance
eth_getBalance
eth_getBalance
eth_blockNumber
eth_getBalance
eth_getBalance
eth_getBalance
eth_getBalance
eth_getBalance
eth_getBalance
eth_blockNumber
eth_getBalance
eth_getBalance
eth_getBalance
eth_getBalance
eth_getBalance
eth_getBalance
eth_blockNumber
eth_getBalance
eth_getBalance
eth_getBalance
eth_getBalance
eth_getBalance
eth_getBalance
eth_blockNumber
eth_getBalance
eth_getBalance
eth_getBalance
eth_getBalance
eth_getBalance
eth_getBalance
eth_blockNumber
eth_getBalance
eth_getBalance
eth_getBalance
eth_getBalance
eth_getBalance
eth_getBalance
eth_blockNumber
eth_getBalance
eth_getBalance
eth_getBalance
eth_getBalance
eth_getBalance
eth_getBalance
eth_blockNumber
eth_getBalance
eth_getBalance
eth_getBalance
eth_getBalance
eth_getBalance
eth_getBalance
eth_blockNumber
eth_getBalance
eth_getBalance
eth_getBalance
eth_getBalance
eth_getBalance
eth_getBalance
eth_blockNumber
eth_getBalance
eth_getBalance
eth_getBalance
eth_getBalance
eth_getBalance
eth_getBalance
eth_blockNumber
eth_getBalance
eth_getBalance
eth_getBalance
eth_getBalance
eth_getBalance
eth_getBalance
eth_blockNumber
eth_getBalance
eth_getBalance
eth_getBalance
eth_getBalance
eth_getBalance
eth_getBalance
eth_blockNumber
eth_getBalance
eth_getBalance
eth_getBalance
eth_getBalance
eth_getBalance
eth_getBalance
eth_blockNumber
eth_getBalance
eth_getBalance
eth_getBalance
eth_getBalance
eth_getBalance
eth_getBalance
eth_blockNumber
eth_getBalance
eth_getBalance
eth_getBalance
eth_getBalance
eth_getBalance
eth_getBalance
eth_blockNumber
eth_getBalance
eth_getBalance
eth_getBalance
eth_getBalance
eth_getBalance
eth_getBalance
eth_blockNumber
eth_getBalance
eth_getBalance
eth_getBalance
eth_getBalance
eth_getBalance
eth_getBalance
eth_blockNumber
eth_getBalance
eth_getBalance
eth_getBalance
eth_getBalance
eth_getBalance
eth_getBalance
eth_blockNumber
eth_getBalance
eth_getBalance
eth_getBalance
eth_getBalance
eth_getBalance
eth_getBalance
eth_blockNumber
eth_getBalance
eth_getBalance
eth_getBalance
eth_getBalance
eth_getBalance
eth_getBalance
eth_blockNumber
eth_getBalance
eth_getBalance
eth_getBalance
eth_getBalance
eth_getBalance
eth_getBalance
eth_blockNumber
eth_getBalance
eth_getBalance
eth_getBalance
eth_getBalance
eth_getBalance
eth_getBalance
eth_blockNumber
eth_getBalance
eth_getBalance
eth_getBalance
eth_getBalance
eth_getBalance
eth_getBalance
eth_blockNumber
eth_getBalance
eth_getBalance
eth_getBalance
eth_getBalance
eth_getBalance
eth_getBalance
eth_blockNumber
eth_getBalance
eth_getBalance
eth_getBalance
eth_getBalance
eth_getBalance
eth_getBalance
eth_blockNumber
eth_getBalance
eth_getBalance
eth_getBalance
eth_getBalance
eth_getBalance
eth_getBalance
eth_blockNumber
eth_getBalance
eth_getBalance
eth_getBalance
eth_getBalance
eth_getBalance
eth_getBalance
eth_blockNumber
eth_getBalance
eth_getBalance
eth_getBalance
eth_getBalance
eth_getBalance
eth_getBalance
eth_blockNumber
eth_getBalance
eth_getBalance
eth_getBalance
eth_getBalance
eth_getBalance
eth_getBalance
eth_blockNumber
eth_getBalance
eth_getBalance
eth_getBalance
eth_getBalance
eth_getBalance
eth_getBalance
eth_blockNumber
eth_getBalance
eth_getBalance
eth_getBalance
eth_getBalance
eth_getBalance
eth_getBalance
eth_blockNumber
eth_getBalance
eth_getBalance
eth_getBalance
eth_getBalance
eth_getBalance
eth_getBalance
eth_blockNumber
eth_getBalance
eth_getBalance
eth_getBalance
eth_getBalance
eth_getBalance
eth_getBalance
eth_blockNumber
eth_getBalance
eth_getBalance
eth_getBalance
eth_getBalance
eth_getBalance
eth_getBalance
eth_blockNumber
eth_getBalance
eth_getBalance
eth_getBalance
eth_getBalance
eth_getBalance
eth_getBalance
eth_blockNumber
eth_getBalance
eth_getBalance
eth_getBalance
eth_getBalance
eth_getBalance
eth_getBalance
eth_blockNumber
eth_getBalance
eth_getBalance
eth_getBalance
eth_getBalance
eth_getBalance
eth_getBalance
eth_blockNumber
eth_getBalance
eth_getBalance
eth_getBalance
eth_getBalance
eth_getBalance
eth_getBalance
eth_blockNumber
eth_getBalance
eth_getBalance
eth_getBalance
eth_getBalance
eth_getBalance
eth_getBalance
eth_blockNumber
eth_getBalance
eth_getBalance
eth_getBalance
eth_getBalance
eth_getBalance
eth_getBalance
eth_blockNumber
eth_getBalance
eth_getBalance
eth_getBalance
eth_getBalance
eth_getBalance
eth_getBalance
eth_blockNumber
eth_getBalance
eth_getBalance
eth_getBalance
eth_getBalance
eth_getBalance
eth_getBalance
eth_blockNumber
eth_getBalance
eth_getBalance
eth_getBalance
eth_getBalance
eth_getBalance
eth_getBalance
eth_blockNumber
eth_getBalance
eth_getBalance
eth_getBalance
eth_getBalance
eth_getBalance
eth_getBalance
eth_blockNumber
eth_getBalance
eth_getBalance
eth_getBalance
eth_getBalance
eth_getBalance
eth_getBalance
eth_blockNumber
eth_getBalance
eth_getBalance
eth_getBalance
eth_getBalance
eth_getBalance
eth_getBalance
eth_blockNumber
eth_getBalance
eth_getBalance
eth_getBalance
eth_getBalance
eth_getBalance
eth_getBalance
eth_blockNumber
eth_getBalance
eth_getBalance
eth_getBalance
eth_getBalance
eth_getBalance
eth_getBalance
eth_blockNumber
eth_getBalance
eth_getBalance
eth_getBalance
eth_getBalance
eth_getBalance
eth_getBalance
eth_blockNumber
eth_getBalance
eth_getBalance
eth_getBalance
eth_getBalance
eth_getBalance
eth_getBalance
eth_blockNumber
eth_getBalance
eth_getBalance
eth_getBalance
eth_getBalance
eth_getBalance
eth_getBalance
eth_blockNumber
eth_getBalance
eth_getBalance
eth_getBalance
eth_getBalance
eth_getBalance
eth_getBalance
eth_blockNumber
eth_getBalance
eth_getBalance
eth_getBalance
eth_getBalance
eth_getBalance
eth_getBalance
eth_blockNumber
eth_getBalance
eth_getBalance
eth_getBalance
eth_getBalance
eth_getBalance
eth_getBalance
eth_blockNumber
eth_getBalance
eth_getBalance
eth_getBalance
eth_getBalance
eth_getBalance
eth_getBalance
eth_blockNumber
eth_getBalance
eth_getBalance
eth_getBalance
eth_getBalance
eth_getBalance
eth_getBalance
eth_blockNumber
eth_getBalance
eth_getBalance
eth_getBalance
eth_getBalance
eth_getBalance
eth_getBalance
eth_blockNumber
eth_getBalance
eth_getBalance
eth_getBalance
eth_getBalance
eth_getBalance
eth_getBalance
eth_blockNumber
eth_getBalance
eth_getBalance
eth_getBalance
eth_getBalance
eth_getBalance
eth_getBalance
eth_blockNumber
eth_getBalance
eth_getBalance
eth_getBalance
eth_getBalance
eth_getBalance
eth_getBalance
eth_blockNumber
eth_getBalance
eth_getBalance
eth_getBalance
eth_getBalance
eth_getBalance
eth_getBalance
eth_blockNumber
eth_getBalance
eth_getBalance
eth_getBalance
eth_getBalance
eth_getBalance
eth_getBalance
eth_blockNumber
eth_getBalance
eth_getBalance
eth_getBalance
eth_getBalance
eth_getBalance
eth_getBalance
eth_blockNumber
eth_getBalance
eth_getBalance
eth_getBalance
eth_getBalance
eth_getBalance
eth_getBalance
eth_blockNumber
eth_getBalance
eth_getBalance
eth_getBalance
eth_getBalance
eth_getBalance
eth_getBalance
eth_blockNumber
eth_getBalance
eth_getBalance
eth_getBalance
eth_getBalance
eth_getBalance
eth_getBalance
eth_blockNumber
eth_getBalance
eth_getBalance
eth_getBalance
eth_getBalance
eth_getBalance
eth_getBalance
eth_blockNumber
eth_getBalance
eth_getBalance
eth_getBalance
eth_getBalance
eth_getBalance
eth_getBalance
eth_blockNumber
eth_getBalance
eth_getBalance
eth_getBalance
eth_getBalance
eth_getBalance
eth_getBalance
eth_blockNumber
eth_getBalance
eth_getBalance
eth_getBalance
eth_getBalance
eth_getBalance
eth_getBalance
eth_blockNumber
eth_getBalance
eth_getBalance
eth_getBalance
eth_getBalance
eth_getBalance
eth_getBalance
eth_blockNumber
eth_getBalance
eth_getBalance
eth_getBalance
eth_getBalance
eth_getBalance
eth_getBalance
eth_blockNumber
eth_getBalance
eth_getBalance
eth_getBalance
eth_getBalance
eth_getBalance
eth_getBalance
eth_blockNumber
eth_getBalance
eth_getBalance
eth_getBalance
eth_getBalance
eth_getBalance
eth_getBalance
eth_blockNumber
eth_getBalance
eth_getBalance
eth_getBalance
eth_getBalance
eth_getBalance
eth_getBalance
eth_blockNumber
eth_getBalance
eth_getBalance
eth_getBalance
eth_getBalance
eth_getBalance
eth_getBalance
eth_blockNumber
eth_getBalance
eth_getBalance
eth_getBalance
eth_getBalance
eth_getBalance
eth_getBalance
eth_blockNumber
eth_getBalance
eth_getBalance
eth_getBalance
eth_getBalance
eth_getBalance
eth_getBalance
eth_blockNumber
eth_getBalance
eth_getBalance
eth_getBalance
eth_getBalance
eth_getBalance
eth_getBalance
eth_blockNumber
eth_getBalance
eth_getBalance
eth_getBalance
eth_getBalance
eth_getBalance
eth_getBalance
eth_blockNumber
eth_getBalance
eth_getBalance
eth_getBalance
eth_getBalance
eth_getBalance
eth_getBalance
eth_blockNumber
eth_getBalance
eth_getBalance
eth_getBalance
eth_blockNumber
eth_getBalance
eth_blockNumber
eth_getBalance
eth_getBalance
eth_getBalance
eth_getBalance
eth_getBalance
eth_getBalance
eth_blockNumber
eth_getBalance
eth_getBalance
eth_getBalance
eth_getBalance
eth_getBalance
eth_getBalance
eth_blockNumber
eth_getBalance
eth_getBalance
eth_getBalance
eth_getBalance
eth_getBalance
eth_getBalance
eth_blockNumber
eth_getBalance
eth_getBalance
eth_getBalance
eth_getBalance
eth_getBalance
eth_getBalance
eth_blockNumber
eth_getBalance
eth_getBalance
eth_getBalance
eth_getBalance
eth_getBalance
eth_getBalance
eth_blockNumber
eth_getBalance
eth_getBalance
eth_getBalance
eth_getBalance
eth_getBalance
eth_getBalance
eth_blockNumber
eth_getBalance
eth_getBalance
eth_getBalance
eth_getBalance
eth_getBalance
eth_getBalance
eth_blockNumber
eth_getBalance
eth_getBalance
eth_getBalance
eth_getBalance
eth_getBalance
eth_getBalance
eth_blockNumber
eth_getBalance
eth_getBalance
eth_getBalance
eth_getBalance
eth_getBalance
eth_getBalance
eth_blockNumber
eth_getBalance
eth_getBalance
eth_getBalance
eth_getBalance
eth_getBalance
eth_getBalance
eth_blockNumber
eth_getBalance
eth_getBalance
eth_getBalance
eth_getBalance
eth_getBalance
eth_getBalance
eth_blockNumber
eth_getBalance
eth_getBalance
eth_getBalance
eth_getBalance
eth_getBalance
eth_getBalance
eth_blockNumber
eth_getBalance
eth_getBalance
eth_getBalance
eth_getBalance
eth_getBalance
eth_getBalance
eth_blockNumber
eth_getBalance
eth_getBalance
eth_getBalance
eth_getBalance
eth_getBalance
eth_getBalance
eth_blockNumber
eth_getBalance
eth_getBalance
eth_getBalance
eth_getBalance
eth_getBalance
eth_getBalance
eth_blockNumber
eth_getBalance
eth_getBalance
eth_getBalance
eth_getBalance
eth_getBalance
eth_getBalance
eth_blockNumber
eth_getBalance
eth_getBalance
eth_getBalance
eth_blockNumber
eth_getBalance
eth_getBalance
eth_getBalance
eth_getBalance
eth_getBalance
eth_getBalance
eth_blockNumber
eth_getBalance
eth_getBalance
eth_getBalance
eth_getBalance
eth_getBalance
eth_getBalance
eth_blockNumber
eth_getBalance
eth_getBalance
eth_getBalance
eth_getBalance
eth_getBalance
eth_getBalance
eth_blockNumber
eth_getBalance
eth_getBalance
eth_getBalance
eth_getBalance
eth_getBalance
eth_getBalance
eth_blockNumber
eth_getBalance
eth_getBalance
eth_getBalance
eth_getBalance
eth_getBalance
eth_getBalance
eth_blockNumber
eth_getBalance
eth_getBalance
eth_getBalance
eth_getBalance
eth_getBalance
eth_getBalance
eth_blockNumber
eth_getBalance
eth_getBalance
eth_getBalance
eth_getBalance
eth_getBalance
eth_getBalance
eth_blockNumber
eth_getBalance
eth_getBalance
eth_getBalance
eth_getBalance
eth_getBalance
eth_getBalance
eth_blockNumber
eth_getBalance
eth_getBalance
eth_getBalance
eth_getBalance
eth_getBalance
eth_getBalance
eth_blockNumber
eth_getBalance
eth_getBalance
eth_getBalance
eth_getBalance
eth_getBalance
eth_getBalance
eth_blockNumber
eth_getBalance
eth_getBalance
eth_getBalance
eth_getBalance
eth_getBalance
eth_getBalance
eth_blockNumber
eth_getBalance
eth_getBalance
eth_getBalance
eth_getBalance
eth_getBalance
eth_getBalance
eth_blockNumber
eth_getBalance
eth_getBalance
eth_getBalance
eth_getBalance
eth_getBalance
eth_getBalance
eth_blockNumber
eth_getBalance
eth_getBalance
eth_getBalance
eth_getBalance
eth_getBalance
eth_getBalance
eth_blockNumber
eth_getBalance
eth_getBalance
eth_getBalance
eth_getBalance
eth_getBalance
eth_getBalance
eth_blockNumber
eth_getBalance
eth_getBalance
eth_getBalance
eth_getBalance
eth_getBalance
eth_getBalance
eth_blockNumber
eth_getBalance
eth_getBalance
eth_getBalance
eth_getBalance
eth_getBalance
eth_getBalance
eth_blockNumber
eth_getBalance
eth_getBalance
eth_getBalance
eth_getBalance
eth_getBalance
eth_getBalance
eth_blockNumber
eth_getBalance
eth_getBalance
eth_getBalance
eth_getBalance
eth_getBalance
eth_getBalance
eth_blockNumber
eth_blockNumber
eth_getBalance
eth_getBalance
eth_getBalance
eth_getBalance
eth_blockNumber
eth_getBalance
eth_getBalance
eth_getBalance
eth_getBalance
eth_getBalance
eth_getBalance
eth_blockNumber
eth_getBalance
eth_getBalance
eth_getBalance
eth_getBalance
eth_getBalance
eth_getBalance
eth_blockNumber
eth_getBalance
eth_getBalance
eth_getBalance
eth_getBalance
eth_getBalance
eth_getBalance
eth_blockNumber
eth_getBalance
eth_getBalance
eth_getBalance
eth_getBalance
eth_getBalance
eth_getBalance
eth_blockNumber
eth_getBalance
eth_getBalance
eth_getBalance
eth_getBalance
eth_getBalance
eth_getBalance
eth_blockNumber
eth_getBalance
eth_getBalance
eth_getBalance
eth_getBalance
eth_getBalance
eth_getBalance
eth_blockNumber
eth_getBalance
eth_getBalance
eth_getBalance
eth_getBalance
eth_getBalance
eth_getBalance
eth_blockNumber
eth_getBalance
eth_getBalance
eth_getBalance
eth_getBalance
eth_getBalance
eth_getBalance
eth_blockNumber
eth_getBalance
eth_getBalance
eth_getBalance
eth_getBalance
eth_getBalance
eth_getBalance
eth_blockNumber
eth_getBalance
eth_getBalance
eth_getBalance
eth_getBalance
eth_getBalance
eth_getBalance
eth_blockNumber
eth_getBalance
eth_getBalance
eth_getBalance
eth_getBalance
eth_getBalance
eth_getBalance
eth_blockNumber
eth_getBalance
eth_getBalance
eth_getBalance
eth_getBalance
eth_getBalance
eth_getBalance
eth_blockNumber
eth_getBalance
eth_getBalance
eth_getBalance
eth_getBalance
eth_getBalance
eth_getBalance
eth_blockNumber
eth_getBalance
eth_getBalance
eth_getBalance
eth_getBalance
eth_getBalance
eth_getBalance
eth_blockNumber
eth_getBalance
eth_getBalance
eth_getBalance
eth_getBalance
eth_getBalance
eth_getBalance
eth_blockNumber
eth_getBalance
eth_getBalance
eth_getBalance
eth_getBalance
eth_getBalance
eth_getBalance
eth_blockNumber
eth_getBalance
eth_getBalance
eth_getBalance
eth_getBalance
eth_getBalance
eth_getBalance
eth_blockNumber
eth_getBalance
eth_getBalance
eth_getBalance
eth_getBalance
eth_getBalance
eth_getBalance
eth_blockNumber
eth_getBalance
eth_getBalance
eth_getBalance
eth_getBalance
eth_getBalance
eth_getBalance
eth_blockNumber
eth_getBalance
eth_getBalance
eth_getBalance
eth_getBalance
eth_getBalance
eth_getBalance
eth_blockNumber
eth_getBalance
eth_getBalance
eth_getBalance
eth_getBalance
eth_getBalance
eth_getBalance
eth_blockNumber
eth_getBalance
eth_getBalance
eth_getBalance
eth_getBalance
eth_getBalance
eth_getBalance
eth_blockNumber
eth_getBalance
eth_getBalance
eth_getBalance
eth_getBalance
eth_getBalance
eth_getBalance
eth_blockNumber
eth_getBalance
eth_getBalance
eth_getBalance
eth_getBalance
eth_getBalance
eth_getBalance
eth_blockNumber
eth_getBalance
eth_getBalance
eth_getBalance
eth_getBalance
eth_getBalance
eth_getBalance
eth_blockNumber
eth_getBalance
eth_getBalance
eth_getBalance
eth_getBalance
eth_getBalance
eth_getBalance
eth_blockNumber
eth_getBalance
eth_getBalance
eth_getBalance
eth_getBalance
eth_getBalance
eth_getBalance
eth_blockNumber
eth_getBalance
eth_getBalance
eth_getBalance
eth_getBalance
eth_getBalance
eth_getBalance
eth_blockNumber
eth_getBalance
eth_getBalance
eth_getBalance
eth_getBalance
eth_getBalance
eth_getBalance
eth_blockNumber
eth_getBalance
eth_getBalance
eth_getBalance
eth_getBalance
eth_getBalance
eth_getBalance
eth_blockNumber
eth_getBalance
eth_getBalance
eth_getBalance
eth_getBalance
eth_getBalance
eth_getBalance
eth_blockNumber
eth_getBalance
eth_getBalance
eth_getBalance
eth_getBalance
eth_getBalance
eth_getBalance
eth_blockNumber
eth_getBalance
eth_getBalance
eth_getBalance
eth_getBalance
eth_getBalance
eth_getBalance
eth_blockNumber
eth_getBalance
eth_getBalance
eth_getBalance
eth_getBalance
eth_getBalance
eth_getBalance
eth_blockNumber
eth_getBalance
eth_getBalance
eth_getBalance
eth_getBalance
eth_getBalance
eth_getBalance
eth_blockNumber
eth_getBalance
eth_getBalance
eth_getBalance
eth_getBalance
eth_getBalance
eth_getBalance
eth_blockNumber
eth_getBalance
eth_getBalance
eth_getBalance
eth_getBalance
eth_getBalance
eth_getBalance
eth_blockNumber
eth_getBalance
eth_getBalance
eth_getBalance
eth_getBalance
eth_getBalance
eth_getBalance
eth_blockNumber
eth_getBalance
eth_getBalance
eth_getBalance
eth_getBalance
eth_getBalance
eth_getBalance
eth_blockNumber
eth_getBalance
eth_getBalance
eth_getBalance
eth_getBalance
eth_getBalance
eth_getBalance
eth_blockNumber
eth_getBalance
eth_getBalance
eth_getBalance
eth_getBalance
eth_getBalance
eth_getBalance
eth_blockNumber
eth_getBalance
eth_getBalance
eth_getBalance
eth_getBalance
eth_getBalance
eth_getBalance
eth_blockNumber
eth_getBalance
eth_getBalance
eth_getBalance
eth_getBalance
eth_getBalance
eth_getBalance
eth_blockNumber
eth_getBalance
eth_getBalance
eth_getBalance
eth_getBalance
eth_getBalance
eth_getBalance
eth_blockNumber
eth_getBalance
eth_getBalance
eth_getBalance
eth_getBalance
eth_getBalance
eth_getBalance
eth_blockNumber
eth_getBalance
eth_getBalance
eth_getBalance
eth_getBalance
eth_getBalance
eth_getBalance
eth_blockNumber
eth_getBalance
eth_getBalance
eth_getBalance
eth_getBalance
eth_getBalance
eth_getBalance
eth_blockNumber
eth_getBalance
eth_getBalance
eth_getBalance
eth_getBalance
eth_getBalance
eth_getBalance
eth_blockNumber
eth_getBalance
eth_getBalance
eth_getBalance
eth_getBalance
eth_getBalance
eth_getBalance
eth_blockNumber
eth_getBalance
eth_getBalance
eth_getBalance
eth_getBalance
eth_getBalance
eth_getBalance
eth_blockNumber
eth_getBalance
eth_getBalance
eth_getBalance
eth_getBalance
eth_getBalance
eth_getBalance
eth_blockNumber
eth_getBalance
eth_getBalance
eth_getBalance
eth_getBalance
eth_getBalance
eth_getBalance
eth_blockNumber
eth_getBalance
eth_getBalance
eth_getBalance
eth_getBalance
eth_getBalance
eth_getBalance
eth_getBalance
eth_getBalance
eth_getBalance
eth_getBalance
eth_getCode
eth_getCode
eth_call
eth_call
eth_getBalance
eth_call
eth_call
eth_blockNumber
eth_call
eth_call
eth_getBalance
eth_getBalance
eth_getBalance
eth_getTransactionCount
eth_sendRawTransaction

    Transaction: 0xd56f47b40f92d0c7dd44f18fac58838058eb7b5fc208aed03fc2c3909ea0c31a
    Gas used: 26887

    Block Number: 7
    Block Hash: 0xe09cefb47734c295b639a2c957a0b66a2ee808a736852cd4feb6bc432816ca88
    Block Time: "Thu, 8 Jan 2026 07:55:33 +0000"

eth_getTransactionReceipt
eth_getBalance
eth_getCode
eth_call
eth_call
eth_getBalance
eth_getBalance
eth_getBalance
eth_getBalance
eth_getBalance
eth_getCode
eth_call
eth_call
eth_getBalance
eth_getBalance
eth_getBalance
eth_getBalance
eth_getTransactionCount
eth_sendRawTransaction

    Transaction: 0x820341c98af1f4a3e80a0610c9291c0cd9ad881e63c6740ca4b566455030698a
    Gas used: 26887

    Block Number: 8
    Block Hash: 0xe42b8af6e60cdff8e289ae1661ea1ef2a2922969920a98f6b9d1f55a4a36881d
    Block Time: "Thu, 8 Jan 2026 07:55:52 +0000"

eth_getTransactionReceipt
eth_getBalance
eth_getBalance
eth_getCode
eth_call
eth_call
eth_getBalance
eth_blockNumber
eth_getBalance
eth_getBalance
eth_getBalance
eth_getBalance
eth_getBalance
eth_getCode
eth_getBalance
eth_call
eth_call
eth_getBalance
eth_getCode
eth_getBlockByNumber
eth_getCode
eth_estimateGas
eth_getBalance
eth_gasPrice
eth_blockNumber
eth_call

RPC request failed:
    Request: EthCall(WithOtherFields { inner: TransactionRequest { from: None, to: Some(Call(0xe7f1725e7734ce288f8367e1bb143e90bb3f0512)), gas_price: None, max_fee_per_gas: None, max_priority_fee_per_gas: None, max_fee_per_blob_gas: None, gas: None, value: None, input: TransactionInput { input: None, data: Some(0x01ffc9a780ac58cd00000000000000000000000000000000000000000000000000000000) }, nonce: None, chain_id: None, access_list: None, transaction_type: None, blob_versioned_hashes: None, sidecar: None, authorization_list: None }, other: OtherFields {} }, Some(0x8), None, None)
    Error: Execution error: execution reverted

eth_call

RPC request failed:
    Request: EthCall(WithOtherFields { inner: TransactionRequest { from: None, to: Some(Call(0xe7f1725e7734ce288f8367e1bb143e90bb3f0512)), gas_price: None, max_fee_per_gas: None, max_priority_fee_per_gas: None, max_fee_per_blob_gas: None, gas: None, value: None, input: TransactionInput { input: None, data: Some(0x01ffc9a7d9b67a2600000000000000000000000000000000000000000000000000000000) }, nonce: None, chain_id: None, access_list: None, transaction_type: None, blob_versioned_hashes: None, sidecar: None, authorization_list: None }, other: OtherFields {} }, Some(0x8), None, None)
    Error: Execution error: execution reverted

eth_call
eth_call

RPC request failed:
    Request: EthCall(WithOtherFields { inner: TransactionRequest { from: None, to: Some(Call(0xe7f1725e7734ce288f8367e1bb143e90bb3f0512)), gas_price: None, max_fee_per_gas: None, max_priority_fee_per_gas: None, max_fee_per_blob_gas: None, gas: None, value: None, input: TransactionInput { input: None, data: Some(0x313ce567) }, nonce: None, chain_id: None, access_list: None, transaction_type: None, blob_versioned_hashes: None, sidecar: None, authorization_list: None }, other: OtherFields {} }, Some(0x8), None, None)
    Error: Execution error: execution reverted

eth_call

RPC request failed:
    Request: EthCall(WithOtherFields { inner: TransactionRequest { from: None, to: Some(Call(0xe7f1725e7734ce288f8367e1bb143e90bb3f0512)), gas_price: None, max_fee_per_gas: None, max_priority_fee_per_gas: None, max_fee_per_blob_gas: None, gas: None, value: None, input: TransactionInput { input: None, data: Some(0x01ffc9a780ac58cd00000000000000000000000000000000000000000000000000000000) }, nonce: None, chain_id: None, access_list: None, transaction_type: None, blob_versioned_hashes: None, sidecar: None, authorization_list: None }, other: OtherFields {} }, Some(0x8), None, None)
    Error: Execution error: execution reverted

eth_call

RPC request failed:
    Request: EthCall(WithOtherFields { inner: TransactionRequest { from: None, to: Some(Call(0xe7f1725e7734ce288f8367e1bb143e90bb3f0512)), gas_price: None, max_fee_per_gas: None, max_priority_fee_per_gas: None, max_fee_per_blob_gas: None, gas: None, value: None, input: TransactionInput { input: None, data: Some(0x01ffc9a7d9b67a2600000000000000000000000000000000000000000000000000000000) }, nonce: None, chain_id: None, access_list: None, transaction_type: None, blob_versioned_hashes: None, sidecar: None, authorization_list: None }, other: OtherFields {} }, Some(0x8), None, None)
    Error: Execution error: execution reverted

eth_call

RPC request failed:
    Request: EthCall(WithOtherFields { inner: TransactionRequest { from: None, to: Some(Call(0xe7f1725e7734ce288f8367e1bb143e90bb3f0512)), gas_price: None, max_fee_per_gas: None, max_priority_fee_per_gas: None, max_fee_per_blob_gas: None, gas: None, value: None, input: TransactionInput { input: None, data: Some(0x313ce567) }, nonce: None, chain_id: None, access_list: None, transaction_type: None, blob_versioned_hashes: None, sidecar: None, authorization_list: None }, other: OtherFields {} }, Some(0x8), None, None)
    Error: Execution error: execution reverted

eth_call
eth_call

RPC request failed:
    Request: EthCall(WithOtherFields { inner: TransactionRequest { from: None, to: Some(Call(0xe7f1725e7734ce288f8367e1bb143e90bb3f0512)), gas_price: None, max_fee_per_gas: None, max_priority_fee_per_gas: None, max_fee_per_blob_gas: None, gas: None, value: None, input: TransactionInput { input: None, data: Some(0x01ffc9a780ac58cd00000000000000000000000000000000000000000000000000000000) }, nonce: None, chain_id: None, access_list: None, transaction_type: None, blob_versioned_hashes: None, sidecar: None, authorization_list: None }, other: OtherFields {} }, Some(0x8), None, None)
    Error: Execution error: execution reverted

eth_call

RPC request failed:
    Request: EthCall(WithOtherFields { inner: TransactionRequest { from: None, to: Some(Call(0xe7f1725e7734ce288f8367e1bb143e90bb3f0512)), gas_price: None, max_fee_per_gas: None, max_priority_fee_per_gas: None, max_fee_per_blob_gas: None, gas: None, value: None, input: TransactionInput { input: None, data: Some(0x01ffc9a780ac58cd00000000000000000000000000000000000000000000000000000000) }, nonce: None, chain_id: None, access_list: None, transaction_type: None, blob_versioned_hashes: None, sidecar: None, authorization_list: None }, other: OtherFields {} }, Some(0x8), None, None)
    Error: Execution error: execution reverted

eth_call

RPC request failed:
    Request: EthCall(WithOtherFields { inner: TransactionRequest { from: None, to: Some(Call(0xe7f1725e7734ce288f8367e1bb143e90bb3f0512)), gas_price: None, max_fee_per_gas: None, max_priority_fee_per_gas: None, max_fee_per_blob_gas: None, gas: None, value: None, input: TransactionInput { input: None, data: Some(0x01ffc9a7d9b67a2600000000000000000000000000000000000000000000000000000000) }, nonce: None, chain_id: None, access_list: None, transaction_type: None, blob_versioned_hashes: None, sidecar: None, authorization_list: None }, other: OtherFields {} }, Some(0x8), None, None)
    Error: Execution error: execution reverted

eth_call

RPC request failed:
    Request: EthCall(WithOtherFields { inner: TransactionRequest { from: None, to: Some(Call(0xe7f1725e7734ce288f8367e1bb143e90bb3f0512)), gas_price: None, max_fee_per_gas: None, max_priority_fee_per_gas: None, max_fee_per_blob_gas: None, gas: None, value: None, input: TransactionInput { input: None, data: Some(0x01ffc9a7d9b67a2600000000000000000000000000000000000000000000000000000000) }, nonce: None, chain_id: None, access_list: None, transaction_type: None, blob_versioned_hashes: None, sidecar: None, authorization_list: None }, other: OtherFields {} }, Some(0x8), None, None)
    Error: Execution error: execution reverted

eth_call
eth_call

RPC request failed:
    Request: EthCall(WithOtherFields { inner: TransactionRequest { from: None, to: Some(Call(0xe7f1725e7734ce288f8367e1bb143e90bb3f0512)), gas_price: None, max_fee_per_gas: None, max_priority_fee_per_gas: None, max_fee_per_blob_gas: None, gas: None, value: None, input: TransactionInput { input: None, data: Some(0x313ce567) }, nonce: None, chain_id: None, access_list: None, transaction_type: None, blob_versioned_hashes: None, sidecar: None, authorization_list: None }, other: OtherFields {} }, Some(0x8), None, None)
    Error: Execution error: execution reverted

eth_call
eth_call

RPC request failed:
    Request: EthCall(WithOtherFields { inner: TransactionRequest { from: None, to: Some(Call(0xe7f1725e7734ce288f8367e1bb143e90bb3f0512)), gas_price: None, max_fee_per_gas: None, max_priority_fee_per_gas: None, max_fee_per_blob_gas: None, gas: None, value: None, input: TransactionInput { input: None, data: Some(0x01ffc9a780ac58cd00000000000000000000000000000000000000000000000000000000) }, nonce: None, chain_id: None, access_list: None, transaction_type: None, blob_versioned_hashes: None, sidecar: None, authorization_list: None }, other: OtherFields {} }, Some(0x8), None, None)
    Error: Execution error: execution reverted

eth_call
eth_call
eth_call

RPC request failed:
    Request: EthCall(WithOtherFields { inner: TransactionRequest { from: None, to: Some(Call(0xe7f1725e7734ce288f8367e1bb143e90bb3f0512)), gas_price: None, max_fee_per_gas: None, max_priority_fee_per_gas: None, max_fee_per_blob_gas: None, gas: None, value: None, input: TransactionInput { input: None, data: Some(0x01ffc9a7d9b67a2600000000000000000000000000000000000000000000000000000000) }, nonce: None, chain_id: None, access_list: None, transaction_type: None, blob_versioned_hashes: None, sidecar: None, authorization_list: None }, other: OtherFields {} }, Some(0x8), None, None)
    Error: Execution error: execution reverted

eth_call

RPC request failed:
    Request: EthCall(WithOtherFields { inner: TransactionRequest { from: None, to: Some(Call(0xe7f1725e7734ce288f8367e1bb143e90bb3f0512)), gas_price: None, max_fee_per_gas: None, max_priority_fee_per_gas: None, max_fee_per_blob_gas: None, gas: None, value: None, input: TransactionInput { input: None, data: Some(0x313ce567) }, nonce: None, chain_id: None, access_list: None, transaction_type: None, blob_versioned_hashes: None, sidecar: None, authorization_list: None }, other: OtherFields {} }, Some(0x8), None, None)
    Error: Execution error: execution reverted

eth_blockNumber
eth_getTransactionCount
eth_getBalance
eth_sendRawTransaction

    Transaction: 0x9fc32bec82d7d0c0500e95a9a5d1a6a50e04083553edfb043c8d5d5ec61ee5a2
    Gas used: 46578

    Block Number: 9
    Block Hash: 0xb44ce6eec20c6de4761e5e83b40ecbe9629bdaa2fb6a8b07c19c3de485b21f1e
    Block Time: "Thu, 8 Jan 2026 07:56:14 +0000"

eth_call
eth_call

RPC request failed:
    Request: EthCall(WithOtherFields { inner: TransactionRequest { from: None, to: Some(Call(0xe7f1725e7734ce288f8367e1bb143e90bb3f0512)), gas_price: None, max_fee_per_gas: None, max_priority_fee_per_gas: None, max_fee_per_blob_gas: None, gas: None, value: None, input: TransactionInput { input: None, data: Some(0x01ffc9a780ac58cd00000000000000000000000000000000000000000000000000000000) }, nonce: None, chain_id: None, access_list: None, transaction_type: None, blob_versioned_hashes: None, sidecar: None, authorization_list: None }, other: OtherFields {} }, Some(0x8), None, None)
    Error: Execution error: execution reverted

eth_call

RPC request failed:
    Request: EthCall(WithOtherFields { inner: TransactionRequest { from: None, to: Some(Call(0xe7f1725e7734ce288f8367e1bb143e90bb3f0512)), gas_price: None, max_fee_per_gas: None, max_priority_fee_per_gas: None, max_fee_per_blob_gas: None, gas: None, value: None, input: TransactionInput { input: None, data: Some(0x01ffc9a7d9b67a2600000000000000000000000000000000000000000000000000000000) }, nonce: None, chain_id: None, access_list: None, transaction_type: None, blob_versioned_hashes: None, sidecar: None, authorization_list: None }, other: OtherFields {} }, Some(0x8), None, None)
    Error: Execution error: execution reverted

eth_call

RPC request failed:
    Request: EthCall(WithOtherFields { inner: TransactionRequest { from: None, to: Some(Call(0xe7f1725e7734ce288f8367e1bb143e90bb3f0512)), gas_price: None, max_fee_per_gas: None, max_priority_fee_per_gas: None, max_fee_per_blob_gas: None, gas: None, value: None, input: TransactionInput { input: None, data: Some(0x313ce567) }, nonce: None, chain_id: None, access_list: None, transaction_type: None, blob_versioned_hashes: None, sidecar: None, authorization_list: None }, other: OtherFields {} }, Some(0x8), None, None)
    Error: Execution error: execution reverted

eth_call
eth_call

RPC request failed:
    Request: EthCall(WithOtherFields { inner: TransactionRequest { from: None, to: Some(Call(0xe7f1725e7734ce288f8367e1bb143e90bb3f0512)), gas_price: None, max_fee_per_gas: None, max_priority_fee_per_gas: None, max_fee_per_blob_gas: None, gas: None, value: None, input: TransactionInput { input: None, data: Some(0x01ffc9a780ac58cd00000000000000000000000000000000000000000000000000000000) }, nonce: None, chain_id: None, access_list: None, transaction_type: None, blob_versioned_hashes: None, sidecar: None, authorization_list: None }, other: OtherFields {} }, Some(0x8), None, None)
    Error: Execution error: execution reverted

eth_call

RPC request failed:
    Request: EthCall(WithOtherFields { inner: TransactionRequest { from: None, to: Some(Call(0xe7f1725e7734ce288f8367e1bb143e90bb3f0512)), gas_price: None, max_fee_per_gas: None, max_priority_fee_per_gas: None, max_fee_per_blob_gas: None, gas: None, value: None, input: TransactionInput { input: None, data: Some(0x01ffc9a7d9b67a2600000000000000000000000000000000000000000000000000000000) }, nonce: None, chain_id: None, access_list: None, transaction_type: None, blob_versioned_hashes: None, sidecar: None, authorization_list: None }, other: OtherFields {} }, Some(0x8), None, None)
    Error: Execution error: execution reverted

eth_call

RPC request failed:
    Request: EthCall(WithOtherFields { inner: TransactionRequest { from: None, to: Some(Call(0xe7f1725e7734ce288f8367e1bb143e90bb3f0512)), gas_price: None, max_fee_per_gas: None, max_priority_fee_per_gas: None, max_fee_per_blob_gas: None, gas: None, value: None, input: TransactionInput { input: None, data: Some(0x01ffc9a780ac58cd00000000000000000000000000000000000000000000000000000000) }, nonce: None, chain_id: None, access_list: None, transaction_type: None, blob_versioned_hashes: None, sidecar: None, authorization_list: None }, other: OtherFields {} }, Some(0x8), None, None)
    Error: Execution error: execution reverted

eth_call

RPC request failed:
    Request: EthCall(WithOtherFields { inner: TransactionRequest { from: None, to: Some(Call(0xe7f1725e7734ce288f8367e1bb143e90bb3f0512)), gas_price: None, max_fee_per_gas: None, max_priority_fee_per_gas: None, max_fee_per_blob_gas: None, gas: None, value: None, input: TransactionInput { input: None, data: Some(0x313ce567) }, nonce: None, chain_id: None, access_list: None, transaction_type: None, blob_versioned_hashes: None, sidecar: None, authorization_list: None }, other: OtherFields {} }, Some(0x8), None, None)
    Error: Execution error: execution reverted

eth_call

RPC request failed:
    Request: EthCall(WithOtherFields { inner: TransactionRequest { from: None, to: Some(Call(0xe7f1725e7734ce288f8367e1bb143e90bb3f0512)), gas_price: None, max_fee_per_gas: None, max_priority_fee_per_gas: None, max_fee_per_blob_gas: None, gas: None, value: None, input: TransactionInput { input: None, data: Some(0x01ffc9a7d9b67a2600000000000000000000000000000000000000000000000000000000) }, nonce: None, chain_id: None, access_list: None, transaction_type: None, blob_versioned_hashes: None, sidecar: None, authorization_list: None }, other: OtherFields {} }, Some(0x8), None, None)
    Error: Execution error: execution reverted

eth_call

RPC request failed:
    Request: EthCall(WithOtherFields { inner: TransactionRequest { from: None, to: Some(Call(0xe7f1725e7734ce288f8367e1bb143e90bb3f0512)), gas_price: None, max_fee_per_gas: None, max_priority_fee_per_gas: None, max_fee_per_blob_gas: None, gas: None, value: None, input: TransactionInput { input: None, data: Some(0x313ce567) }, nonce: None, chain_id: None, access_list: None, transaction_type: None, blob_versioned_hashes: None, sidecar: None, authorization_list: None }, other: OtherFields {} }, Some(0x8), None, None)
    Error: Execution error: execution reverted

eth_call

RPC request failed:
    Request: EthCall(WithOtherFields { inner: TransactionRequest { from: None, to: Some(Call(0xe7f1725e7734ce288f8367e1bb143e90bb3f0512)), gas_price: None, max_fee_per_gas: None, max_priority_fee_per_gas: None, max_fee_per_blob_gas: None, gas: None, value: None, input: TransactionInput { input: None, data: Some(0x01ffc9a780ac58cd00000000000000000000000000000000000000000000000000000000) }, nonce: None, chain_id: None, access_list: None, transaction_type: None, blob_versioned_hashes: None, sidecar: None, authorization_list: None }, other: OtherFields {} }, Some(0x8), None, None)
    Error: Execution error: execution reverted

eth_call

RPC request failed:
    Request: EthCall(WithOtherFields { inner: TransactionRequest { from: None, to: Some(Call(0xe7f1725e7734ce288f8367e1bb143e90bb3f0512)), gas_price: None, max_fee_per_gas: None, max_priority_fee_per_gas: None, max_fee_per_blob_gas: None, gas: None, value: None, input: TransactionInput { input: None, data: Some(0x01ffc9a7d9b67a2600000000000000000000000000000000000000000000000000000000) }, nonce: None, chain_id: None, access_list: None, transaction_type: None, blob_versioned_hashes: None, sidecar: None, authorization_list: None }, other: OtherFields {} }, Some(0x8), None, None)
    Error: Execution error: execution reverted

eth_call

RPC request failed:
    Request: EthCall(WithOtherFields { inner: TransactionRequest { from: None, to: Some(Call(0xe7f1725e7734ce288f8367e1bb143e90bb3f0512)), gas_price: None, max_fee_per_gas: None, max_priority_fee_per_gas: None, max_fee_per_blob_gas: None, gas: None, value: None, input: TransactionInput { input: None, data: Some(0x01ffc9a780ac58cd00000000000000000000000000000000000000000000000000000000) }, nonce: None, chain_id: None, access_list: None, transaction_type: None, blob_versioned_hashes: None, sidecar: None, authorization_list: None }, other: OtherFields {} }, Some(0x8), None, None)
    Error: Execution error: execution reverted

eth_call

RPC request failed:
    Request: EthCall(WithOtherFields { inner: TransactionRequest { from: None, to: Some(Call(0xe7f1725e7734ce288f8367e1bb143e90bb3f0512)), gas_price: None, max_fee_per_gas: None, max_priority_fee_per_gas: None, max_fee_per_blob_gas: None, gas: None, value: None, input: TransactionInput { input: None, data: Some(0x313ce567) }, nonce: None, chain_id: None, access_list: None, transaction_type: None, blob_versioned_hashes: None, sidecar: None, authorization_list: None }, other: OtherFields {} }, Some(0x8), None, None)
    Error: Execution error: execution reverted

eth_call

RPC request failed:
    Request: EthCall(WithOtherFields { inner: TransactionRequest { from: None, to: Some(Call(0xe7f1725e7734ce288f8367e1bb143e90bb3f0512)), gas_price: None, max_fee_per_gas: None, max_priority_fee_per_gas: None, max_fee_per_blob_gas: None, gas: None, value: None, input: TransactionInput { input: None, data: Some(0x01ffc9a7d9b67a2600000000000000000000000000000000000000000000000000000000) }, nonce: None, chain_id: None, access_list: None, transaction_type: None, blob_versioned_hashes: None, sidecar: None, authorization_list: None }, other: OtherFields {} }, Some(0x8), None, None)
    Error: Execution error: execution reverted

eth_call

RPC request failed:
    Request: EthCall(WithOtherFields { inner: TransactionRequest { from: None, to: Some(Call(0xe7f1725e7734ce288f8367e1bb143e90bb3f0512)), gas_price: None, max_fee_per_gas: None, max_priority_fee_per_gas: None, max_fee_per_blob_gas: None, gas: None, value: None, input: TransactionInput { input: None, data: Some(0x313ce567) }, nonce: None, chain_id: None, access_list: None, transaction_type: None, blob_versioned_hashes: None, sidecar: None, authorization_list: None }, other: OtherFields {} }, Some(0x8), None, None)
    Error: Execution error: execution reverted

eth_call

RPC request failed:
    Request: EthCall(WithOtherFields { inner: TransactionRequest { from: None, to: Some(Call(0xe7f1725e7734ce288f8367e1bb143e90bb3f0512)), gas_price: None, max_fee_per_gas: None, max_priority_fee_per_gas: None, max_fee_per_blob_gas: None, gas: None, value: None, input: TransactionInput { input: None, data: Some(0x01ffc9a780ac58cd00000000000000000000000000000000000000000000000000000000) }, nonce: None, chain_id: None, access_list: None, transaction_type: None, blob_versioned_hashes: None, sidecar: None, authorization_list: None }, other: OtherFields {} }, Some(0x8), None, None)
    Error: Execution error: execution reverted

eth_call

RPC request failed:
    Request: EthCall(WithOtherFields { inner: TransactionRequest { from: None, to: Some(Call(0xe7f1725e7734ce288f8367e1bb143e90bb3f0512)), gas_price: None, max_fee_per_gas: None, max_priority_fee_per_gas: None, max_fee_per_blob_gas: None, gas: None, value: None, input: TransactionInput { input: None, data: Some(0x01ffc9a7d9b67a2600000000000000000000000000000000000000000000000000000000) }, nonce: None, chain_id: None, access_list: None, transaction_type: None, blob_versioned_hashes: None, sidecar: None, authorization_list: None }, other: OtherFields {} }, Some(0x8), None, None)
    Error: Execution error: execution reverted

eth_call

RPC request failed:
    Request: EthCall(WithOtherFields { inner: TransactionRequest { from: None, to: Some(Call(0xe7f1725e7734ce288f8367e1bb143e90bb3f0512)), gas_price: None, max_fee_per_gas: None, max_priority_fee_per_gas: None, max_fee_per_blob_gas: None, gas: None, value: None, input: TransactionInput { input: None, data: Some(0x313ce567) }, nonce: None, chain_id: None, access_list: None, transaction_type: None, blob_versioned_hashes: None, sidecar: None, authorization_list: None }, other: OtherFields {} }, Some(0x8), None, None)
    Error: Execution error: execution reverted

eth_getCode
eth_call
eth_call
eth_getBalance
eth_getTransactionReceipt
eth_blockNumber
eth_getBlockByHash
eth_blockNumber
eth_call

RPC request failed:
    Request: EthCall(WithOtherFields { inner: TransactionRequest { from: None, to: Some(Call(0x5fbdb2315678afecb367f032d93f642f64180aa3)), gas_price: None, max_fee_per_gas: None, max_priority_fee_per_gas: None, max_fee_per_blob_gas: None, gas: None, value: None, input: TransactionInput { input: None, data: Some(0x01ffc9a780ac58cd00000000000000000000000000000000000000000000000000000000) }, nonce: None, chain_id: None, access_list: None, transaction_type: None, blob_versioned_hashes: None, sidecar: None, authorization_list: None }, other: OtherFields {} }, Some(0x9), None, None)
    Error: Execution error: execution reverted

eth_call

RPC request failed:
    Request: EthCall(WithOtherFields { inner: TransactionRequest { from: None, to: Some(Call(0xe7f1725e7734ce288f8367e1bb143e90bb3f0512)), gas_price: None, max_fee_per_gas: None, max_priority_fee_per_gas: None, max_fee_per_blob_gas: None, gas: None, value: None, input: TransactionInput { input: None, data: Some(0x01ffc9a780ac58cd00000000000000000000000000000000000000000000000000000000) }, nonce: None, chain_id: None, access_list: None, transaction_type: None, blob_versioned_hashes: None, sidecar: None, authorization_list: None }, other: OtherFields {} }, Some(0x9), None, None)
    Error: Execution error: execution reverted

eth_getBalance
eth_call

RPC request failed:
    Request: EthCall(WithOtherFields { inner: TransactionRequest { from: None, to: Some(Call(0x5fbdb2315678afecb367f032d93f642f64180aa3)), gas_price: None, max_fee_per_gas: None, max_priority_fee_per_gas: None, max_fee_per_blob_gas: None, gas: None, value: None, input: TransactionInput { input: None, data: Some(0x01ffc9a7d9b67a2600000000000000000000000000000000000000000000000000000000) }, nonce: None, chain_id: None, access_list: None, transaction_type: None, blob_versioned_hashes: None, sidecar: None, authorization_list: None }, other: OtherFields {} }, Some(0x9), None, None)
    Error: Execution error: execution reverted

eth_call

RPC request failed:
    Request: EthCall(WithOtherFields { inner: TransactionRequest { from: None, to: Some(Call(0xe7f1725e7734ce288f8367e1bb143e90bb3f0512)), gas_price: None, max_fee_per_gas: None, max_priority_fee_per_gas: None, max_fee_per_blob_gas: None, gas: None, value: None, input: TransactionInput { input: None, data: Some(0x01ffc9a7d9b67a2600000000000000000000000000000000000000000000000000000000) }, nonce: None, chain_id: None, access_list: None, transaction_type: None, blob_versioned_hashes: None, sidecar: None, authorization_list: None }, other: OtherFields {} }, Some(0x9), None, None)
    Error: Execution error: execution reverted

eth_call

RPC request failed:
eth_call
    Request: EthCall(WithOtherFields { inner: TransactionRequest { from: None, to: Some(Call(0x5fbdb2315678afecb367f032d93f642f64180aa3)), gas_price: None, max_fee_per_gas: None, max_priority_fee_per_gas: None, max_fee_per_blob_gas: None, gas: None, value: None, input: TransactionInput { input: None, data: Some(0x95d89b41) }, nonce: None, chain_id: None, access_list: None, transaction_type: None, blob_versioned_hashes: None, sidecar: None, authorization_list: None }, other: OtherFields {} }, Some(0x9), None, None)

RPC request failed:
    Error: Execution error: execution reverted

    Request: EthCall(WithOtherFields { inner: TransactionRequest { from: None, to: Some(Call(0x5fbdb2315678afecb367f032d93f642f64180aa3)), gas_price: None, max_fee_per_gas: None, max_priority_fee_per_gas: None, max_fee_per_blob_gas: None, gas: None, value: None, input: TransactionInput { input: None, data: Some(0x313ce567) }, nonce: None, chain_id: None, access_list: None, transaction_type: None, blob_versioned_hashes: None, sidecar: None, authorization_list: None }, other: OtherFields {} }, Some(0x9), None, None)
    Error: Execution error: execution reverted

eth_call
eth_call

RPC request failed:
    Request: EthCall(WithOtherFields { inner: TransactionRequest { from: None, to: Some(Call(0xe7f1725e7734ce288f8367e1bb143e90bb3f0512)), gas_price: None, max_fee_per_gas: None, max_priority_fee_per_gas: None, max_fee_per_blob_gas: None, gas: None, value: None, input: TransactionInput { input: None, data: Some(0x313ce567) }, nonce: None, chain_id: None, access_list: None, transaction_type: None, blob_versioned_hashes: None, sidecar: None, authorization_list: None }, other: OtherFields {} }, Some(0x9), None, None)
    Error: Execution error: execution reverted

eth_gasPrice
eth_blockNumber
eth_getBalance
eth_getBalance
eth_getBalance
eth_getBalance
eth_getTransactionCount
eth_getBlockByNumber
eth_maxPriorityFeePerGas
eth_estimateGas
eth_sendRawTransaction

    Transaction: 0xd1ad2edefd54dcea20704a688b90be4e162c2ebae67f6ae1974ec7f09fdbaf18
    Gas used: 52686

    Block Number: 10
    Block Hash: 0x17c23d571ecd85e4311f96921ddca3109caa5af8256bb45cd7efa393820bff44
    Block Time: "Thu, 8 Jan 2026 07:56:24 +0000"

eth_getTransactionReceipt
eth_getTransactionCount
eth_sendRawTransaction

    Transaction: 0x709cf504bb001dc40f46d90841be816413f349d83a9bef1a303973e951efe1eb
    Gas used: 26887

    Block Number: 11
    Block Hash: 0x25242ab37f0f82bab28faf8fc1fbc30e00661355cf0250d125cc2bef7ab6976e
    Block Time: "Thu, 8 Jan 2026 07:56:24 +0000"

eth_getTransactionReceipt
eth_getCode
eth_call
eth_getCode
eth_call
eth_getBalance
eth_blockNumber
eth_getBalance
eth_getBalance
eth_getBalance
eth_getBalance
eth_gasPrice
eth_getBalance
eth_getBalance
eth_getCode
eth_call
eth_getBalance
eth_getBalance
eth_getBalance
eth_getCode
eth_call
eth_getBalance
eth_getBalance
eth_blockNumber
eth_getCode
eth_getCode
eth_getBlockByNumber
eth_estimateGas
eth_blockNumber
eth_call

RPC request failed:
    Request: EthCall(WithOtherFields { inner: TransactionRequest { from: None, to: Some(Call(0x5fbdb2315678afecb367f032d93f642f64180aa3)), gas_price: None, max_fee_per_gas: None, max_priority_fee_per_gas: None, max_fee_per_blob_gas: None, gas: None, value: None, input: TransactionInput { input: None, data: Some(0x01ffc9a780ac58cd00000000000000000000000000000000000000000000000000000000) }, nonce: None, chain_id: None, access_list: None, transaction_type: None, blob_versioned_hashes: None, sidecar: None, authorization_list: None }, other: OtherFields {} }, Some(0xb), None, None)
    Error: Execution error: execution reverted

eth_call

RPC request failed:
    Request: EthCall(WithOtherFields { inner: TransactionRequest { from: None, to: Some(Call(0x5fbdb2315678afecb367f032d93f642f64180aa3)), gas_price: None, max_fee_per_gas: None, max_priority_fee_per_gas: None, max_fee_per_blob_gas: None, gas: None, value: None, input: TransactionInput { input: None, data: Some(0x01ffc9a7d9b67a2600000000000000000000000000000000000000000000000000000000) }, nonce: None, chain_id: None, access_list: None, transaction_type: None, blob_versioned_hashes: None, sidecar: None, authorization_list: None }, other: OtherFields {} }, Some(0xb), None, None)
    Error: Execution error: execution reverted

eth_call

RPC request failed:
    Request: EthCall(WithOtherFields { inner: TransactionRequest { from: None, to: Some(Call(0x5fbdb2315678afecb367f032d93f642f64180aa3)), gas_price: None, max_fee_per_gas: None, max_priority_fee_per_gas: None, max_fee_per_blob_gas: None, gas: None, value: None, input: TransactionInput { input: None, data: Some(0x95d89b41) }, nonce: None, chain_id: None, access_list: None, transaction_type: None, blob_versioned_hashes: None, sidecar: None, authorization_list: None }, other: OtherFields {} }, Some(0xb), None, None)
    Error: Execution error: execution reverted

eth_call

RPC request failed:
    Request: EthCall(WithOtherFields { inner: TransactionRequest { from: None, to: Some(Call(0x5fbdb2315678afecb367f032d93f642f64180aa3)), gas_price: None, max_fee_per_gas: None, max_priority_fee_per_gas: None, max_fee_per_blob_gas: None, gas: None, value: None, input: TransactionInput { input: None, data: Some(0x313ce567) }, nonce: None, chain_id: None, access_list: None, transaction_type: None, blob_versioned_hashes: None, sidecar: None, authorization_list: None }, other: OtherFields {} }, Some(0xb), None, None)
    Error: Execution error: execution reverted

eth_call

RPC request failed:
    Request: EthCall(WithOtherFields { inner: TransactionRequest { from: None, to: Some(Call(0x5fbdb2315678afecb367f032d93f642f64180aa3)), gas_price: None, max_fee_per_gas: None, max_priority_fee_per_gas: None, max_fee_per_blob_gas: None, gas: None, value: None, input: TransactionInput { input: None, data: Some(0x01ffc9a780ac58cd00000000000000000000000000000000000000000000000000000000) }, nonce: None, chain_id: None, access_list: None, transaction_type: None, blob_versioned_hashes: None, sidecar: None, authorization_list: None }, other: OtherFields {} }, Some(0xb), None, None)
    Error: Execution error: execution reverted

eth_call

RPC request failed:
    Request: EthCall(WithOtherFields { inner: TransactionRequest { from: None, to: Some(Call(0x5fbdb2315678afecb367f032d93f642f64180aa3)), gas_price: None, max_fee_per_gas: None, max_priority_fee_per_gas: None, max_fee_per_blob_gas: None, gas: None, value: None, input: TransactionInput { input: None, data: Some(0x01ffc9a780ac58cd00000000000000000000000000000000000000000000000000000000) }, nonce: None, chain_id: None, access_list: None, transaction_type: None, blob_versioned_hashes: None, sidecar: None, authorization_list: None }, other: OtherFields {} }, Some(0xb), None, None)
    Error: Execution error: execution reverted

eth_call

RPC request failed:
    Request: EthCall(WithOtherFields { inner: TransactionRequest { from: None, to: Some(Call(0x5fbdb2315678afecb367f032d93f642f64180aa3)), gas_price: None, max_fee_per_gas: None, max_priority_fee_per_gas: None, max_fee_per_blob_gas: None, gas: None, value: None, input: TransactionInput { input: None, data: Some(0x01ffc9a7d9b67a2600000000000000000000000000000000000000000000000000000000) }, nonce: None, chain_id: None, access_list: None, transaction_type: None, blob_versioned_hashes: None, sidecar: None, authorization_list: None }, other: OtherFields {} }, Some(0xb), None, None)
    Error: Execution error: execution reverted

eth_call

RPC request failed:
    Request: EthCall(WithOtherFields { inner: TransactionRequest { from: None, to: Some(Call(0x5fbdb2315678afecb367f032d93f642f64180aa3)), gas_price: None, max_fee_per_gas: None, max_priority_fee_per_gas: None, max_fee_per_blob_gas: None, gas: None, value: None, input: TransactionInput { input: None, data: Some(0x01ffc9a7d9b67a2600000000000000000000000000000000000000000000000000000000) }, nonce: None, chain_id: None, access_list: None, transaction_type: None, blob_versioned_hashes: None, sidecar: None, authorization_list: None }, other: OtherFields {} }, Some(0xb), None, None)
    Error: Execution error: execution reverted

eth_call

RPC request failed:
    Request: EthCall(WithOtherFields { inner: TransactionRequest { from: None, to: Some(Call(0x5fbdb2315678afecb367f032d93f642f64180aa3)), gas_price: None, max_fee_per_gas: None, max_priority_fee_per_gas: None, max_fee_per_blob_gas: None, gas: None, value: None, input: TransactionInput { input: None, data: Some(0x95d89b41) }, nonce: None, chain_id: None, access_list: None, transaction_type: None, blob_versioned_hashes: None, sidecar: None, authorization_list: None }, other: OtherFields {} }, Some(0xb), None, None)
    Error: Execution error: execution reverted

eth_call

RPC request failed:
    Request: EthCall(WithOtherFields { inner: TransactionRequest { from: None, to: Some(Call(0x5fbdb2315678afecb367f032d93f642f64180aa3)), gas_price: None, max_fee_per_gas: None, max_priority_fee_per_gas: None, max_fee_per_blob_gas: None, gas: None, value: None, input: TransactionInput { input: None, data: Some(0x313ce567) }, nonce: None, chain_id: None, access_list: None, transaction_type: None, blob_versioned_hashes: None, sidecar: None, authorization_list: None }, other: OtherFields {} }, Some(0xb), None, None)
    Error: Execution error: execution reverted

eth_call

RPC request failed:
    Request: EthCall(WithOtherFields { inner: TransactionRequest { from: None, to: Some(Call(0x5fbdb2315678afecb367f032d93f642f64180aa3)), gas_price: None, max_fee_per_gas: None, max_priority_fee_per_gas: None, max_fee_per_blob_gas: None, gas: None, value: None, input: TransactionInput { input: None, data: Some(0x70a08231000000000000000000000000f39fd6e51aad88f6f4ce6ab8827279cfffb92266) }, nonce: None, chain_id: None, access_list: None, transaction_type: None, blob_versioned_hashes: None, sidecar: None, authorization_list: None }, other: OtherFields {} }, Some(0xb), None, None)
    Error: Execution error: execution reverted

eth_call

RPC request failed:
    Request: EthCall(WithOtherFields { inner: TransactionRequest { from: None, to: Some(Call(0x5fbdb2315678afecb367f032d93f642f64180aa3)), gas_price: None, max_fee_per_gas: None, max_priority_fee_per_gas: None, max_fee_per_blob_gas: None, gas: None, value: None, input: TransactionInput { input: None, data: Some(0x95d89b41) }, nonce: None, chain_id: None, access_list: None, transaction_type: None, blob_versioned_hashes: None, sidecar: None, authorization_list: None }, other: OtherFields {} }, Some(0xb), None, None)
    Error: Execution error: execution reverted

eth_blockNumber
eth_getBalance
eth_getTransactionCount
eth_sendRawTransaction

    Transaction: 0x79507d416684b6ca671d05f445957ae891a1bf333ca03d666673446de38a3221
    Gas used: 26887

    Block Number: 12
    Block Hash: 0xf9a565f60a20d7ea0287a7fbcedbc9366a0ca137960eaab5109102cee134b193
    Block Time: "Thu, 8 Jan 2026 07:56:52 +0000"

eth_call

RPC request failed:
    Request: EthCall(WithOtherFields { inner: TransactionRequest { from: None, to: Some(Call(0x5fbdb2315678afecb367f032d93f642f64180aa3)), gas_price: None, max_fee_per_gas: None, max_priority_fee_per_gas: None, max_fee_per_blob_gas: None, gas: None, value: None, input: TransactionInput { input: None, data: Some(0x01ffc9a780ac58cd00000000000000000000000000000000000000000000000000000000) }, nonce: None, chain_id: None, access_list: None, transaction_type: None, blob_versioned_hashes: None, sidecar: None, authorization_list: None }, other: OtherFields {} }, Some(0xb), None, None)
    Error: Execution error: execution reverted

eth_getTransactionReceipt
eth_call

RPC request failed:
    Request: EthCall(WithOtherFields { inner: TransactionRequest { from: None, to: Some(Call(0x5fbdb2315678afecb367f032d93f642f64180aa3)), gas_price: None, max_fee_per_gas: None, max_priority_fee_per_gas: None, max_fee_per_blob_gas: None, gas: None, value: None, input: TransactionInput { input: None, data: Some(0x01ffc9a7d9b67a2600000000000000000000000000000000000000000000000000000000) }, nonce: None, chain_id: None, access_list: None, transaction_type: None, blob_versioned_hashes: None, sidecar: None, authorization_list: None }, other: OtherFields {} }, Some(0xb), None, None)
    Error: Execution error: execution reverted

eth_call

RPC request failed:
    Request: EthCall(WithOtherFields { inner: TransactionRequest { from: None, to: Some(Call(0x5fbdb2315678afecb367f032d93f642f64180aa3)), gas_price: None, max_fee_per_gas: None, max_priority_fee_per_gas: None, max_fee_per_blob_gas: None, gas: None, value: None, input: TransactionInput { input: None, data: Some(0x95d89b41) }, nonce: None, chain_id: None, access_list: None, transaction_type: None, blob_versioned_hashes: None, sidecar: None, authorization_list: None }, other: OtherFields {} }, Some(0xb), None, None)
    Error: Execution error: execution reverted

eth_call

RPC request failed:
    Request: EthCall(WithOtherFields { inner: TransactionRequest { from: None, to: Some(Call(0x5fbdb2315678afecb367f032d93f642f64180aa3)), gas_price: None, max_fee_per_gas: None, max_priority_fee_per_gas: None, max_fee_per_blob_gas: None, gas: None, value: None, input: TransactionInput { input: None, data: Some(0x313ce567) }, nonce: None, chain_id: None, access_list: None, transaction_type: None, blob_versioned_hashes: None, sidecar: None, authorization_list: None }, other: OtherFields {} }, Some(0xb), None, None)
    Error: Execution error: execution reverted

eth_call
eth_call

RPC request failed:
    Request: EthCall(WithOtherFields { inner: TransactionRequest { from: None, to: Some(Call(0xe7f1725e7734ce288f8367e1bb143e90bb3f0512)), gas_price: None, max_fee_per_gas: None, max_priority_fee_per_gas: None, max_fee_per_blob_gas: None, gas: None, value: None, input: TransactionInput { input: None, data: Some(0x01ffc9a780ac58cd00000000000000000000000000000000000000000000000000000000) }, nonce: None, chain_id: None, access_list: None, transaction_type: None, blob_versioned_hashes: None, sidecar: None, authorization_list: None }, other: OtherFields {} }, Some(0xb), None, None)
    Error: Execution error: execution reverted

eth_call
eth_call

RPC request failed:
    Request: EthCall(WithOtherFields { inner: TransactionRequest { from: None, to: Some(Call(0xe7f1725e7734ce288f8367e1bb143e90bb3f0512)), gas_price: None, max_fee_per_gas: None, max_priority_fee_per_gas: None, max_fee_per_blob_gas: None, gas: None, value: None, input: TransactionInput { input: None, data: Some(0x01ffc9a7d9b67a2600000000000000000000000000000000000000000000000000000000) }, nonce: None, chain_id: None, access_list: None, transaction_type: None, blob_versioned_hashes: None, sidecar: None, authorization_list: None }, other: OtherFields {} }, Some(0xb), None, None)
    Error: Execution error: execution reverted

eth_call
eth_call
eth_call
eth_call
eth_call

RPC request failed:
    Request: EthCall(WithOtherFields { inner: TransactionRequest { from: None, to: Some(Call(0xe7f1725e7734ce288f8367e1bb143e90bb3f0512)), gas_price: None, max_fee_per_gas: None, max_priority_fee_per_gas: None, max_fee_per_blob_gas: None, gas: None, value: None, input: TransactionInput { input: None, data: Some(0x313ce567) }, nonce: None, chain_id: None, access_list: None, transaction_type: None, blob_versioned_hashes: None, sidecar: None, authorization_list: None }, other: OtherFields {} }, Some(0xb), None, None)
    Error: Execution error: execution reverted

eth_call
eth_call

RPC request failed:
    Request: EthCall(WithOtherFields { inner: TransactionRequest { from: None, to: Some(Call(0xe7f1725e7734ce288f8367e1bb143e90bb3f0512)), gas_price: None, max_fee_per_gas: None, max_priority_fee_per_gas: None, max_fee_per_blob_gas: None, gas: None, value: None, input: TransactionInput { input: None, data: Some(0x01ffc9a780ac58cd00000000000000000000000000000000000000000000000000000000) }, nonce: None, chain_id: None, access_list: None, transaction_type: None, blob_versioned_hashes: None, sidecar: None, authorization_list: None }, other: OtherFields {} }, Some(0xb), None, None)
    Error: Execution error: execution reverted

eth_call

RPC request failed:
    Request: EthCall(WithOtherFields { inner: TransactionRequest { from: None, to: Some(Call(0xe7f1725e7734ce288f8367e1bb143e90bb3f0512)), gas_price: None, max_fee_per_gas: None, max_priority_fee_per_gas: None, max_fee_per_blob_gas: None, gas: None, value: None, input: TransactionInput { input: None, data: Some(0x01ffc9a7d9b67a2600000000000000000000000000000000000000000000000000000000) }, nonce: None, chain_id: None, access_list: None, transaction_type: None, blob_versioned_hashes: None, sidecar: None, authorization_list: None }, other: OtherFields {} }, Some(0xb), None, None)
    Error: Execution error: execution reverted

eth_call

RPC request failed:
    Request: EthCall(WithOtherFields { inner: TransactionRequest { from: None, to: Some(Call(0xe7f1725e7734ce288f8367e1bb143e90bb3f0512)), gas_price: None, max_fee_per_gas: None, max_priority_fee_per_gas: None, max_fee_per_blob_gas: None, gas: None, value: None, input: TransactionInput { input: None, data: Some(0x313ce567) }, nonce: None, chain_id: None, access_list: None, transaction_type: None, blob_versioned_hashes: None, sidecar: None, authorization_list: None }, other: OtherFields {} }, Some(0xb), None, None)
    Error: Execution error: execution reverted

eth_call

RPC request failed:
    Request: EthCall(WithOtherFields { inner: TransactionRequest { from: None, to: Some(Call(0xe7f1725e7734ce288f8367e1bb143e90bb3f0512)), gas_price: None, max_fee_per_gas: None, max_priority_fee_per_gas: None, max_fee_per_blob_gas: None, gas: None, value: None, input: TransactionInput { input: None, data: Some(0x01ffc9a780ac58cd00000000000000000000000000000000000000000000000000000000) }, nonce: None, chain_id: None, access_list: None, transaction_type: None, blob_versioned_hashes: None, sidecar: None, authorization_list: None }, other: OtherFields {} }, Some(0xb), None, None)
    Error: Execution error: execution reverted

eth_call

RPC request failed:
    Request: EthCall(WithOtherFields { inner: TransactionRequest { from: None, to: Some(Call(0xe7f1725e7734ce288f8367e1bb143e90bb3f0512)), gas_price: None, max_fee_per_gas: None, max_priority_fee_per_gas: None, max_fee_per_blob_gas: None, gas: None, value: None, input: TransactionInput { input: None, data: Some(0x01ffc9a7d9b67a2600000000000000000000000000000000000000000000000000000000) }, nonce: None, chain_id: None, access_list: None, transaction_type: None, blob_versioned_hashes: None, sidecar: None, authorization_list: None }, other: OtherFields {} }, Some(0xb), None, None)
    Error: Execution error: execution reverted

eth_call

RPC request failed:
    Request: EthCall(WithOtherFields { inner: TransactionRequest { from: None, to: Some(Call(0xe7f1725e7734ce288f8367e1bb143e90bb3f0512)), gas_price: None, max_fee_per_gas: None, max_priority_fee_per_gas: None, max_fee_per_blob_gas: None, gas: None, value: None, input: TransactionInput { input: None, data: Some(0x01ffc9a780ac58cd00000000000000000000000000000000000000000000000000000000) }, nonce: None, chain_id: None, access_list: None, transaction_type: None, blob_versioned_hashes: None, sidecar: None, authorization_list: None }, other: OtherFields {} }, Some(0xb), None, None)
    Error: Execution error: execution reverted

eth_call

RPC request failed:
    Request: EthCall(WithOtherFields { inner: TransactionRequest { from: None, to: Some(Call(0xe7f1725e7734ce288f8367e1bb143e90bb3f0512)), gas_price: None, max_fee_per_gas: None, max_priority_fee_per_gas: None, max_fee_per_blob_gas: None, gas: None, value: None, input: TransactionInput { input: None, data: Some(0x313ce567) }, nonce: None, chain_id: None, access_list: None, transaction_type: None, blob_versioned_hashes: None, sidecar: None, authorization_list: None }, other: OtherFields {} }, Some(0xb), None, None)
    Error: Execution error: execution reverted

eth_call

RPC request failed:
    Request: EthCall(WithOtherFields { inner: TransactionRequest { from: None, to: Some(Call(0xe7f1725e7734ce288f8367e1bb143e90bb3f0512)), gas_price: None, max_fee_per_gas: None, max_priority_fee_per_gas: None, max_fee_per_blob_gas: None, gas: None, value: None, input: TransactionInput { input: None, data: Some(0x01ffc9a7d9b67a2600000000000000000000000000000000000000000000000000000000) }, nonce: None, chain_id: None, access_list: None, transaction_type: None, blob_versioned_hashes: None, sidecar: None, authorization_list: None }, other: OtherFields {} }, Some(0xb), None, None)
    Error: Execution error: execution reverted

eth_call

RPC request failed:
    Request: EthCall(WithOtherFields { inner: TransactionRequest { from: None, to: Some(Call(0xe7f1725e7734ce288f8367e1bb143e90bb3f0512)), gas_price: None, max_fee_per_gas: None, max_priority_fee_per_gas: None, max_fee_per_blob_gas: None, gas: None, value: None, input: TransactionInput { input: None, data: Some(0x313ce567) }, nonce: None, chain_id: None, access_list: None, transaction_type: None, blob_versioned_hashes: None, sidecar: None, authorization_list: None }, other: OtherFields {} }, Some(0xb), None, None)
    Error: Execution error: execution reverted

eth_call

RPC request failed:
    Request: EthCall(WithOtherFields { inner: TransactionRequest { from: None, to: Some(Call(0xe7f1725e7734ce288f8367e1bb143e90bb3f0512)), gas_price: None, max_fee_per_gas: None, max_priority_fee_per_gas: None, max_fee_per_blob_gas: None, gas: None, value: None, input: TransactionInput { input: None, data: Some(0x01ffc9a780ac58cd00000000000000000000000000000000000000000000000000000000) }, nonce: None, chain_id: None, access_list: None, transaction_type: None, blob_versioned_hashes: None, sidecar: None, authorization_list: None }, other: OtherFields {} }, Some(0xb), None, None)
    Error: Execution error: execution reverted

eth_call

RPC request failed:
    Request: EthCall(WithOtherFields { inner: TransactionRequest { from: None, to: Some(Call(0xe7f1725e7734ce288f8367e1bb143e90bb3f0512)), gas_price: None, max_fee_per_gas: None, max_priority_fee_per_gas: None, max_fee_per_blob_gas: None, gas: None, value: None, input: TransactionInput { input: None, data: Some(0x01ffc9a7d9b67a2600000000000000000000000000000000000000000000000000000000) }, nonce: None, chain_id: None, access_list: None, transaction_type: None, blob_versioned_hashes: None, sidecar: None, authorization_list: None }, other: OtherFields {} }, Some(0xb), None, None)
    Error: Execution error: execution reverted

eth_call

RPC request failed:
    Request: EthCall(WithOtherFields { inner: TransactionRequest { from: None, to: Some(Call(0xe7f1725e7734ce288f8367e1bb143e90bb3f0512)), gas_price: None, max_fee_per_gas: None, max_priority_fee_per_gas: None, max_fee_per_blob_gas: None, gas: None, value: None, input: TransactionInput { input: None, data: Some(0x313ce567) }, nonce: None, chain_id: None, access_list: None, transaction_type: None, blob_versioned_hashes: None, sidecar: None, authorization_list: None }, other: OtherFields {} }, Some(0xb), None, None)
    Error: Execution error: execution reverted

eth_getBalance
eth_getTransactionReceipt
eth_blockNumber
eth_getBlockByHash
eth_blockNumber
eth_call

RPC request failed:
    Request: EthCall(WithOtherFields { inner: TransactionRequest { from: None, to: Some(Call(0x5fbdb2315678afecb367f032d93f642f64180aa3)), gas_price: None, max_fee_per_gas: None, max_priority_fee_per_gas: None, max_fee_per_blob_gas: None, gas: None, value: None, input: TransactionInput { input: None, data: Some(0x01ffc9a780ac58cd00000000000000000000000000000000000000000000000000000000) }, nonce: None, chain_id: None, access_list: None, transaction_type: None, blob_versioned_hashes: None, sidecar: None, authorization_list: None }, other: OtherFields {} }, Some(0xc), None, None)
    Error: Execution error: execution reverted

eth_getBalance
eth_call

RPC request failed:
    Request: EthCall(WithOtherFields { inner: TransactionRequest { from: None, to: Some(Call(0x5fbdb2315678afecb367f032d93f642f64180aa3)), gas_price: None, max_fee_per_gas: None, max_priority_fee_per_gas: None, max_fee_per_blob_gas: None, gas: None, value: None, input: TransactionInput { input: None, data: Some(0x01ffc9a7d9b67a2600000000000000000000000000000000000000000000000000000000) }, nonce: None, chain_id: None, access_list: None, transaction_type: None, blob_versioned_hashes: None, sidecar: None, authorization_list: None }, other: OtherFields {} }, Some(0xc), None, None)
    Error: Execution error: execution reverted

eth_call

RPC request failed:
    Request: EthCall(WithOtherFields { inner: TransactionRequest { from: None, to: Some(Call(0x5fbdb2315678afecb367f032d93f642f64180aa3)), gas_price: None, max_fee_per_gas: None, max_priority_fee_per_gas: None, max_fee_per_blob_gas: None, gas: None, value: None, input: TransactionInput { input: None, data: Some(0x95d89b41) }, nonce: None, chain_id: None, access_list: None, transaction_type: None, blob_versioned_hashes: None, sidecar: None, authorization_list: None }, other: OtherFields {} }, Some(0xc), None, None)
    Error: Execution error: execution reverted

eth_call

RPC request failed:
    Request: EthCall(WithOtherFields { inner: TransactionRequest { from: None, to: Some(Call(0x5fbdb2315678afecb367f032d93f642f64180aa3)), gas_price: None, max_fee_per_gas: None, max_priority_fee_per_gas: None, max_fee_per_blob_gas: None, gas: None, value: None, input: TransactionInput { input: None, data: Some(0x313ce567) }, nonce: None, chain_id: None, access_list: None, transaction_type: None, blob_versioned_hashes: None, sidecar: None, authorization_list: None }, other: OtherFields {} }, Some(0xc), None, None)
    Error: Execution error: execution reverted

eth_blockNumber
eth_getCode
eth_call
eth_getBalance
eth_blockNumber
eth_call

RPC request failed:
    Request: EthCall(WithOtherFields { inner: TransactionRequest { from: None, to: Some(Call(0x5fbdb2315678afecb367f032d93f642f64180aa3)), gas_price: None, max_fee_per_gas: None, max_priority_fee_per_gas: None, max_fee_per_blob_gas: None, gas: None, value: None, input: TransactionInput { input: None, data: Some(0x01ffc9a780ac58cd00000000000000000000000000000000000000000000000000000000) }, nonce: None, chain_id: None, access_list: None, transaction_type: None, blob_versioned_hashes: None, sidecar: None, authorization_list: None }, other: OtherFields {} }, Some(0xc), None, None)
    Error: Execution error: execution reverted

eth_call

RPC request failed:
    Request: EthCall(WithOtherFields { inner: TransactionRequest { from: None, to: Some(Call(0x5fbdb2315678afecb367f032d93f642f64180aa3)), gas_price: None, max_fee_per_gas: None, max_priority_fee_per_gas: None, max_fee_per_blob_gas: None, gas: None, value: None, input: TransactionInput { input: None, data: Some(0x01ffc9a7d9b67a2600000000000000000000000000000000000000000000000000000000) }, nonce: None, chain_id: None, access_list: None, transaction_type: None, blob_versioned_hashes: None, sidecar: None, authorization_list: None }, other: OtherFields {} }, Some(0xc), None, None)
    Error: Execution error: execution reverted

eth_call

RPC request failed:
    Request: EthCall(WithOtherFields { inner: TransactionRequest { from: None, to: Some(Call(0x5fbdb2315678afecb367f032d93f642f64180aa3)), gas_price: None, max_fee_per_gas: None, max_priority_fee_per_gas: None, max_fee_per_blob_gas: None, gas: None, value: None, input: TransactionInput { input: None, data: Some(0x95d89b41) }, nonce: None, chain_id: None, access_list: None, transaction_type: None, blob_versioned_hashes: None, sidecar: None, authorization_list: None }, other: OtherFields {} }, Some(0xc), None, None)
    Error: Execution error: execution reverted

eth_call

RPC request failed:
    Request: EthCall(WithOtherFields { inner: TransactionRequest { from: None, to: Some(Call(0x5fbdb2315678afecb367f032d93f642f64180aa3)), gas_price: None, max_fee_per_gas: None, max_priority_fee_per_gas: None, max_fee_per_blob_gas: None, gas: None, value: None, input: TransactionInput { input: None, data: Some(0x313ce567) }, nonce: None, chain_id: None, access_list: None, transaction_type: None, blob_versioned_hashes: None, sidecar: None, authorization_list: None }, other: OtherFields {} }, Some(0xc), None, None)
    Error: Execution error: execution reverted

eth_getBalance
eth_getBalance
eth_gasPrice
eth_getBalance
eth_getCode
eth_call
eth_getBalance
eth_getBalance
eth_getBalance
eth_getBalance
eth_getBalance
eth_getCode
eth_call
eth_getBalance
eth_getBalance
eth_blockNumber
eth_getBalance
eth_getCode
eth_call
eth_getBalance
eth_blockNumber
eth_getBalance
eth_getBalance
eth_getBalance
eth_getCode
eth_call
eth_getBalance
eth_getBalance
eth_getBalance
eth_getBalance
eth_getCode
eth_call
eth_getBalance
eth_getBalance
eth_getBalance
eth_blockNumber
eth_getBalance
eth_getCode
eth_getBalance
eth_call
eth_blockNumber
eth_getBalance
eth_getBalance
eth_getBalance
eth_getBalance
eth_getCode
eth_call
eth_getBalance
eth_getBalance
eth_getBalance
eth_getCode
eth_call
eth_getBalance
eth_getBalance
eth_getBalance
eth_blockNumber
eth_getBalance
eth_getCode
eth_getBalance
eth_call
eth_blockNumber
eth_getBalance
eth_getBalance
eth_getBalance
eth_getCode
eth_call
eth_getBalance
eth_getBalance
eth_getBalance
eth_getBalance
eth_getCode
eth_call
eth_getBalance
eth_getBalance
eth_getBalance
eth_blockNumber
eth_getBalance
eth_getCode
eth_call
eth_getBalance
eth_blockNumber
eth_getBalance
eth_getBalance
eth_getBalance
eth_getCode
eth_call
eth_getBalance
eth_getBalance
eth_getBalance
eth_getBalance
eth_getCode
eth_call
eth_getBalance
eth_getBalance
eth_getBalance
eth_blockNumber
eth_getBalance
eth_getBalance
eth_getCode
eth_call
eth_blockNumber
eth_getBalance
eth_getBalance
eth_getBalance
eth_getCode
eth_call
eth_getBalance
eth_getBalance
eth_getBalance
eth_getBalance
eth_getBalance
eth_getCode
eth_call
eth_getBalance
eth_getBalance
eth_blockNumber
eth_getBalance
eth_getCode
eth_call
eth_getBalance
eth_blockNumber
eth_getBalance
eth_getBalance
eth_getBalance
eth_getCode
eth_call
eth_getBalance
eth_getBalance
eth_getBalance
eth_getBalance
eth_getBalance
eth_getCode
eth_call
eth_getBalance
eth_getBalance
eth_blockNumber
eth_getBalance
eth_getCode
eth_getBalance
eth_call
eth_blockNumber
eth_getBalance
eth_getBalance
eth_getBalance
eth_getCode
eth_call
eth_getBalance
eth_getBalance
eth_getBalance
eth_getBalance
eth_getCode
eth_getBalance
eth_call
eth_getBalance
eth_getBalance
eth_blockNumber
eth_getBalance
eth_getCode
eth_call
eth_getBalance
eth_blockNumber
eth_getBalance
eth_getBalance
eth_getBalance
eth_getCode
eth_call
eth_getBalance
eth_getBalance
eth_getBalance
eth_getBalance
eth_getCode
eth_call
eth_getBalance
eth_getBalance
eth_getBalance
eth_blockNumber
eth_getBalance
eth_getCode
eth_getBalance
eth_call
eth_blockNumber
eth_getBalance
eth_getBalance
eth_getBalance
eth_getCode
eth_call
eth_getBalance
eth_getBalance
eth_getBalance
eth_getBalance
eth_getCode
eth_call
eth_getBalance
eth_getBalance
eth_getBalance
eth_blockNumber
eth_getBalance
eth_getCode
eth_getBalance
eth_call
eth_blockNumber
eth_getBalance
eth_getBalance
eth_getBalance
eth_getCode
eth_getBalance
eth_call
eth_getBalance
eth_getBalance
eth_getBalance
eth_getCode
eth_call
eth_getBalance
eth_getBalance
eth_getBalance
eth_blockNumber
eth_getBalance
eth_getCode
eth_call
eth_getBalance
eth_blockNumber
eth_getBalance
eth_getBalance
eth_getBalance
eth_getCode
eth_call
eth_getBalance
eth_getBalance
eth_getBalance
eth_getBalance
eth_getCode
eth_getBalance
eth_call
eth_getBalance
eth_getBalance
eth_blockNumber
eth_getBalance
eth_getCode
eth_call
eth_getBalance
eth_blockNumber
eth_getBalance
eth_getBalance
eth_getBalance
eth_getCode
eth_call
eth_getBalance
eth_getBalance
eth_getBalance
eth_getBalance
eth_getCode
eth_getBalance
eth_call
eth_getBalance
eth_getBalance
eth_blockNumber
eth_getBalance
eth_getCode
eth_call
eth_getBalance
eth_blockNumber
eth_getBalance
eth_getBalance
eth_getBalance
eth_getBalance
eth_getCode
eth_call
eth_getBalance
eth_getBalance
eth_getBalance
eth_getCode
eth_call
eth_getBalance
eth_getBalance
eth_getBalance
eth_blockNumber
eth_getBalance
eth_getBalance
eth_getCode
eth_call
eth_blockNumber
eth_getBalance
eth_getBalance
eth_getBalance
eth_blockNumber
eth_getCode
eth_call
eth_getBalance
eth_getBalance
eth_getBalance
eth_getBlockByNumber
eth_call
eth_call

RPC request failed:
    Request: EthCall(WithOtherFields { inner: TransactionRequest { from: None, to: Some(Call(0xe7f1725e7734ce288f8367e1bb143e90bb3f0512)), gas_price: None, max_fee_per_gas: None, max_priority_fee_per_gas: None, max_fee_per_blob_gas: None, gas: None, value: None, input: TransactionInput { input: None, data: Some(0x01ffc9a780ac58cd00000000000000000000000000000000000000000000000000000000) }, nonce: None, chain_id: None, access_list: None, transaction_type: None, blob_versioned_hashes: None, sidecar: None, authorization_list: None }, other: OtherFields {} }, Some(0xc), None, None)
    Error: Execution error: execution reverted

eth_call
eth_call

RPC request failed:
    Request: EthCall(WithOtherFields { inner: TransactionRequest { from: None, to: Some(Call(0xe7f1725e7734ce288f8367e1bb143e90bb3f0512)), gas_price: None, max_fee_per_gas: None, max_priority_fee_per_gas: None, max_fee_per_blob_gas: None, gas: None, value: None, input: TransactionInput { input: None, data: Some(0x01ffc9a7d9b67a2600000000000000000000000000000000000000000000000000000000) }, nonce: None, chain_id: None, access_list: None, transaction_type: None, blob_versioned_hashes: None, sidecar: None, authorization_list: None }, other: OtherFields {} }, Some(0xc), None, None)
    Error: Execution error: execution reverted

eth_call
eth_call
eth_call
eth_call
eth_call

RPC request failed:
    Request: EthCall(WithOtherFields { inner: TransactionRequest { from: None, to: Some(Call(0xe7f1725e7734ce288f8367e1bb143e90bb3f0512)), gas_price: None, max_fee_per_gas: None, max_priority_fee_per_gas: None, max_fee_per_blob_gas: None, gas: None, value: None, input: TransactionInput { input: None, data: Some(0x313ce567) }, nonce: None, chain_id: None, access_list: None, transaction_type: None, blob_versioned_hashes: None, sidecar: None, authorization_list: None }, other: OtherFields {} }, Some(0xc), None, None)
    Error: Execution error: execution reverted

eth_call
eth_call

RPC request failed:
    Request: EthCall(WithOtherFields { inner: TransactionRequest { from: None, to: Some(Call(0xe7f1725e7734ce288f8367e1bb143e90bb3f0512)), gas_price: None, max_fee_per_gas: None, max_priority_fee_per_gas: None, max_fee_per_blob_gas: None, gas: None, value: None, input: TransactionInput { input: None, data: Some(0x01ffc9a780ac58cd00000000000000000000000000000000000000000000000000000000) }, nonce: None, chain_id: None, access_list: None, transaction_type: None, blob_versioned_hashes: None, sidecar: None, authorization_list: None }, other: OtherFields {} }, Some(0xc), None, None)
    Error: Execution error: execution reverted

eth_call

RPC request failed:
    Request: EthCall(WithOtherFields { inner: TransactionRequest { from: None, to: Some(Call(0xe7f1725e7734ce288f8367e1bb143e90bb3f0512)), gas_price: None, max_fee_per_gas: None, max_priority_fee_per_gas: None, max_fee_per_blob_gas: None, gas: None, value: None, input: TransactionInput { input: None, data: Some(0x01ffc9a7d9b67a2600000000000000000000000000000000000000000000000000000000) }, nonce: None, chain_id: None, access_list: None, transaction_type: None, blob_versioned_hashes: None, sidecar: None, authorization_list: None }, other: OtherFields {} }, Some(0xc), None, None)
    Error: Execution error: execution reverted

eth_call

RPC request failed:
    Request: EthCall(WithOtherFields { inner: TransactionRequest { from: None, to: Some(Call(0xe7f1725e7734ce288f8367e1bb143e90bb3f0512)), gas_price: None, max_fee_per_gas: None, max_priority_fee_per_gas: None, max_fee_per_blob_gas: None, gas: None, value: None, input: TransactionInput { input: None, data: Some(0x313ce567) }, nonce: None, chain_id: None, access_list: None, transaction_type: None, blob_versioned_hashes: None, sidecar: None, authorization_list: None }, other: OtherFields {} }, Some(0xc), None, None)
    Error: Execution error: execution reverted

eth_call

RPC request failed:
    Request: EthCall(WithOtherFields { inner: TransactionRequest { from: None, to: Some(Call(0xe7f1725e7734ce288f8367e1bb143e90bb3f0512)), gas_price: None, max_fee_per_gas: None, max_priority_fee_per_gas: None, max_fee_per_blob_gas: None, gas: None, value: None, input: TransactionInput { input: None, data: Some(0x01ffc9a780ac58cd00000000000000000000000000000000000000000000000000000000) }, nonce: None, chain_id: None, access_list: None, transaction_type: None, blob_versioned_hashes: None, sidecar: None, authorization_list: None }, other: OtherFields {} }, Some(0xc), None, None)
    Error: Execution error: execution reverted

eth_call

RPC request failed:
    Request: EthCall(WithOtherFields { inner: TransactionRequest { from: None, to: Some(Call(0xe7f1725e7734ce288f8367e1bb143e90bb3f0512)), gas_price: None, max_fee_per_gas: None, max_priority_fee_per_gas: None, max_fee_per_blob_gas: None, gas: None, value: None, input: TransactionInput { input: None, data: Some(0x01ffc9a7d9b67a2600000000000000000000000000000000000000000000000000000000) }, nonce: None, chain_id: None, access_list: None, transaction_type: None, blob_versioned_hashes: None, sidecar: None, authorization_list: None }, other: OtherFields {} }, Some(0xc), None, None)
    Error: Execution error: execution reverted

eth_call

RPC request failed:
    Request: EthCall(WithOtherFields { inner: TransactionRequest { from: None, to: Some(Call(0xe7f1725e7734ce288f8367e1bb143e90bb3f0512)), gas_price: None, max_fee_per_gas: None, max_priority_fee_per_gas: None, max_fee_per_blob_gas: None, gas: None, value: None, input: TransactionInput { input: None, data: Some(0x313ce567) }, nonce: None, chain_id: None, access_list: None, transaction_type: None, blob_versioned_hashes: None, sidecar: None, authorization_list: None }, other: OtherFields {} }, Some(0xc), None, None)
    Error: Execution error: execution reverted

eth_call

RPC request failed:
    Request: EthCall(WithOtherFields { inner: TransactionRequest { from: None, to: Some(Call(0xe7f1725e7734ce288f8367e1bb143e90bb3f0512)), gas_price: None, max_fee_per_gas: None, max_priority_fee_per_gas: None, max_fee_per_blob_gas: None, gas: None, value: None, input: TransactionInput { input: None, data: Some(0x01ffc9a780ac58cd00000000000000000000000000000000000000000000000000000000) }, nonce: None, chain_id: None, access_list: None, transaction_type: None, blob_versioned_hashes: None, sidecar: None, authorization_list: None }, other: OtherFields {} }, Some(0xc), None, None)
    Error: Execution error: execution reverted

eth_call

RPC request failed:
    Request: EthCall(WithOtherFields { inner: TransactionRequest { from: None, to: Some(Call(0xe7f1725e7734ce288f8367e1bb143e90bb3f0512)), gas_price: None, max_fee_per_gas: None, max_priority_fee_per_gas: None, max_fee_per_blob_gas: None, gas: None, value: None, input: TransactionInput { input: None, data: Some(0x01ffc9a7d9b67a2600000000000000000000000000000000000000000000000000000000) }, nonce: None, chain_id: None, access_list: None, transaction_type: None, blob_versioned_hashes: None, sidecar: None, authorization_list: None }, other: OtherFields {} }, Some(0xc), None, None)
    Error: Execution error: execution reverted

eth_call

RPC request failed:
    Request: EthCall(WithOtherFields { inner: TransactionRequest { from: None, to: Some(Call(0xe7f1725e7734ce288f8367e1bb143e90bb3f0512)), gas_price: None, max_fee_per_gas: None, max_priority_fee_per_gas: None, max_fee_per_blob_gas: None, gas: None, value: None, input: TransactionInput { input: None, data: Some(0x313ce567) }, nonce: None, chain_id: None, access_list: None, transaction_type: None, blob_versioned_hashes: None, sidecar: None, authorization_list: None }, other: OtherFields {} }, Some(0xc), None, None)
    Error: Execution error: execution reverted

eth_call

RPC request failed:
    Request: EthCall(WithOtherFields { inner: TransactionRequest { from: None, to: Some(Call(0xe7f1725e7734ce288f8367e1bb143e90bb3f0512)), gas_price: None, max_fee_per_gas: None, max_priority_fee_per_gas: None, max_fee_per_blob_gas: None, gas: None, value: None, input: TransactionInput { input: None, data: Some(0x01ffc9a780ac58cd00000000000000000000000000000000000000000000000000000000) }, nonce: None, chain_id: None, access_list: None, transaction_type: None, blob_versioned_hashes: None, sidecar: None, authorization_list: None }, other: OtherFields {} }, Some(0xc), None, None)
    Error: Execution error: execution reverted

eth_call

RPC request failed:
    Request: EthCall(WithOtherFields { inner: TransactionRequest { from: None, to: Some(Call(0xe7f1725e7734ce288f8367e1bb143e90bb3f0512)), gas_price: None, max_fee_per_gas: None, max_priority_fee_per_gas: None, max_fee_per_blob_gas: None, gas: None, value: None, input: TransactionInput { input: None, data: Some(0x01ffc9a7d9b67a2600000000000000000000000000000000000000000000000000000000) }, nonce: None, chain_id: None, access_list: None, transaction_type: None, blob_versioned_hashes: None, sidecar: None, authorization_list: None }, other: OtherFields {} }, Some(0xc), None, None)
    Error: Execution error: execution reverted

eth_call

RPC request failed:
    Request: EthCall(WithOtherFields { inner: TransactionRequest { from: None, to: Some(Call(0xe7f1725e7734ce288f8367e1bb143e90bb3f0512)), gas_price: None, max_fee_per_gas: None, max_priority_fee_per_gas: None, max_fee_per_blob_gas: None, gas: None, value: None, input: TransactionInput { input: None, data: Some(0x313ce567) }, nonce: None, chain_id: None, access_list: None, transaction_type: None, blob_versioned_hashes: None, sidecar: None, authorization_list: None }, other: OtherFields {} }, Some(0xc), None, None)
    Error: Execution error: execution reverted

eth_getBalance
eth_getCode
eth_call
eth_getBalance
eth_getBalance
eth_getCode
eth_getBalance
eth_getTransactionCount
eth_chainId
eth_getBlockByNumber
eth_maxPriorityFeePerGas
eth_estimateGas
eth_sendRawTransaction

    Transaction: 0x867e993a46b577add2a1881a760105f94fa2a79ffb657e755f7bb5b149fde29a
    Gas used: 147758

    Block Number: 13
    Block Hash: 0x17842146c056dc207297680bd851bc90faa23f400189b3437155c0cc5218482a
    Block Time: "Thu, 8 Jan 2026 08:04:20 +0000"

eth_getTransactionReceipt
eth_getCode
eth_call
eth_call
eth_call
eth_getBalance
eth_getBalance
eth_getCode
eth_call
eth_call
eth_getBalance
eth_blockNumber
eth_getBalance
eth_getBalance
eth_getTransactionCount
eth_getBlockByNumber
eth_maxPriorityFeePerGas
eth_estimateGas
eth_sendRawTransaction

    Transaction: 0x65cbf4cf568ccc1fa7b288edea1fa0ef89f76c054b35b5b2cb3956c963919452
    Gas used: 52686

    Block Number: 14
    Block Hash: 0x17a76e9f5379c7ecc23c8fc9780e646bdab2bf802dff5cc77eeb19d65eddae10
    Block Time: "Thu, 8 Jan 2026 08:04:28 +0000"

eth_getTransactionReceipt
eth_getTransactionCount
eth_sendRawTransaction

    Transaction: 0x07e4f24f40e969d85d08ce302911ccf215bbecb55a40c663b7fe9f89954e35eb
    Gas used: 26887

    Block Number: 15
    Block Hash: 0xd45483a8c8b920b4e2c116f82ee9f32b47b6827d2f04066efcd73c35db9c6244
    Block Time: "Thu, 8 Jan 2026 08:04:28 +0000"

eth_getTransactionReceipt
eth_getCode
eth_call
eth_getBalance
eth_getBalance
eth_getBalance
eth_getBalance
eth_gasPrice
eth_getCode
eth_call
eth_getBalance
eth_getBalance
eth_getBalance
eth_getBalance
eth_getBalance
eth_getCode
eth_call
eth_getBalance
eth_getBalance
eth_getBalance
eth_blockNumber
eth_gasPrice
eth_getCode
eth_call
eth_getBalance
eth_blockNumber
eth_getBalance
eth_getBalance
eth_getBalance
eth_getBalance
eth_getCode
eth_call
eth_getBalance
eth_getBalance
eth_getBalance
eth_getBalance
eth_getCode
eth_getBalance
eth_call
eth_getBalance
eth_getBalance
eth_getBalance
eth_blockNumber
eth_getCode
eth_call
eth_getBalance
eth_blockNumber
eth_getBalance
eth_getBalance
eth_getBalance
eth_getCode
eth_call
eth_getBalance
eth_getBalance
eth_getBalance
eth_getBalance
eth_getCode
eth_call
eth_getBalance
eth_getBalance
eth_getBalance
eth_getBalance
eth_blockNumber
eth_getCode
eth_call
eth_blockNumber
eth_getBalance
eth_getBalance
eth_getBalance
eth_getBalance
eth_getCode
eth_call
eth_getBalance
eth_getBalance
eth_getBalance
eth_getBalance
eth_getCode
eth_call
eth_getBalance
eth_getBalance
eth_getBalance
eth_getBalance
eth_blockNumber
eth_getCode
eth_blockNumber
eth_call
eth_getBalance
eth_getBalance
eth_getBalance
eth_getBalance
eth_getCode
eth_call
eth_getBalance
eth_getBalance
eth_getBalance
eth_getBalance
eth_getCode
eth_call
eth_getBalance
eth_getBalance
eth_getBalance
eth_getBalance
eth_blockNumber
eth_getBalance
eth_getCode
eth_blockNumber
eth_call
eth_getBalance
eth_getBalance
eth_getBalance
eth_getCode
eth_call
eth_getBalance
eth_getBalance
eth_getBalance
eth_getBalance
eth_getCode
eth_call
eth_getBalance
eth_getBalance
eth_getBalance
eth_getBalance
eth_blockNumber
eth_getCode
eth_getBalance
eth_call
eth_blockNumber
eth_getBalance
eth_getCode
eth_getBalance
eth_getTransactionCount
eth_chainId
eth_getBlockByNumber
eth_maxPriorityFeePerGas
eth_estimateGas
eth_sendRawTransaction

    Transaction: 0x2ce93291c2643376bc0726d3b529594ac2bdd208218fec273673b5cf25b65f4c
    Gas used: 147758

    Block Number: 16
    Block Hash: 0xbb6c0004cde2e2cc04572c12b22f6c98862daab98d5bf826077c3dc59b353242
    Block Time: "Thu, 8 Jan 2026 08:07:30 +0000"

eth_getTransactionReceipt
eth_getCode
eth_call
eth_call
eth_call
eth_getBalance
eth_getBalance
eth_getCode
eth_call
eth_getBalance
eth_call
eth_getBalance
eth_getBalance
eth_getBalance
eth_getBalance
eth_getTransactionCount
eth_getBlockByNumber
eth_maxPriorityFeePerGas
eth_estimateGas
eth_sendRawTransaction

    Transaction: 0x57d581f8229a6afa960b9c8dadb12c78dbb9120eb8e907aef8cf0316ea516c0a
    Gas used: 52686

    Block Number: 17
    Block Hash: 0xa4d92ee8dad4a9b795f904a56a9d42c4286b703370c58a3c959a4cc70a67b893
    Block Time: "Thu, 8 Jan 2026 08:07:41 +0000"

eth_getTransactionReceipt
eth_getTransactionCount
eth_sendRawTransaction

    Transaction: 0x89af5043ade20e8ab672c8201fbcb71643778e65423db4f46f1e60e5b9db2c15
    Gas used: 26887

    Block Number: 18
    Block Hash: 0xec36a8f4393834a3c9585a717b784277f08f6c0ded1895679ca2a19fb1b1a1a1
    Block Time: "Thu, 8 Jan 2026 08:07:41 +0000"

eth_getTransactionReceipt
eth_getCode
eth_call
eth_getBalance
eth_getBalance
eth_getCode
eth_call
eth_getBalance
eth_blockNumber
eth_getCode
eth_getCode
eth_getBlockByNumber
eth_estimateGas
eth_gasPrice
eth_getBalance
eth_blockNumber
eth_call

RPC request failed:
    Request: EthCall(WithOtherFields { inner: TransactionRequest { from: None, to: Some(Call(0x5fbdb2315678afecb367f032d93f642f64180aa3)), gas_price: None, max_fee_per_gas: None, max_priority_fee_per_gas: None, max_fee_per_blob_gas: None, gas: None, value: None, input: TransactionInput { input: None, data: Some(0x01ffc9a780ac58cd00000000000000000000000000000000000000000000000000000000) }, nonce: None, chain_id: None, access_list: None, transaction_type: None, blob_versioned_hashes: None, sidecar: None, authorization_list: None }, other: OtherFields {} }, Some(0x12), None, None)
    Error: Execution error: execution reverted

eth_call

RPC request failed:
    Request: EthCall(WithOtherFields { inner: TransactionRequest { from: None, to: Some(Call(0x5fbdb2315678afecb367f032d93f642f64180aa3)), gas_price: None, max_fee_per_gas: None, max_priority_fee_per_gas: None, max_fee_per_blob_gas: None, gas: None, value: None, input: TransactionInput { input: None, data: Some(0x01ffc9a7d9b67a2600000000000000000000000000000000000000000000000000000000) }, nonce: None, chain_id: None, access_list: None, transaction_type: None, blob_versioned_hashes: None, sidecar: None, authorization_list: None }, other: OtherFields {} }, Some(0x12), None, None)
    Error: Execution error: execution reverted

eth_call

RPC request failed:
eth_call
    Request: EthCall(WithOtherFields { inner: TransactionRequest { from: None, to: Some(Call(0x5fbdb2315678afecb367f032d93f642f64180aa3)), gas_price: None, max_fee_per_gas: None, max_priority_fee_per_gas: None, max_fee_per_blob_gas: None, gas: None, value: None, input: TransactionInput { input: None, data: Some(0x95d89b41) }, nonce: None, chain_id: None, access_list: None, transaction_type: None, blob_versioned_hashes: None, sidecar: None, authorization_list: None }, other: OtherFields {} }, Some(0x12), None, None)
    Error: Execution error: execution reverted


RPC request failed:
    Request: EthCall(WithOtherFields { inner: TransactionRequest { from: None, to: Some(Call(0x5fbdb2315678afecb367f032d93f642f64180aa3)), gas_price: None, max_fee_per_gas: None, max_priority_fee_per_gas: None, max_fee_per_blob_gas: None, gas: None, value: None, input: TransactionInput { input: None, data: Some(0x313ce567) }, nonce: None, chain_id: None, access_list: None, transaction_type: None, blob_versioned_hashes: None, sidecar: None, authorization_list: None }, other: OtherFields {} }, Some(0x12), None, None)
    Error: Execution error: execution reverted

eth_getBalance
eth_call

RPC request failed:
    Request: EthCall(WithOtherFields { inner: TransactionRequest { from: None, to: Some(Call(0x5fbdb2315678afecb367f032d93f642f64180aa3)), gas_price: None, max_fee_per_gas: None, max_priority_fee_per_gas: None, max_fee_per_blob_gas: None, gas: None, value: None, input: TransactionInput { input: None, data: Some(0x01ffc9a780ac58cd00000000000000000000000000000000000000000000000000000000) }, nonce: None, chain_id: None, access_list: None, transaction_type: None, blob_versioned_hashes: None, sidecar: None, authorization_list: None }, other: OtherFields {} }, Some(0x12), None, None)
    Error: Execution error: execution reverted

eth_call

RPC request failed:
    Request: EthCall(WithOtherFields { inner: TransactionRequest { from: None, to: Some(Call(0x5fbdb2315678afecb367f032d93f642f64180aa3)), gas_price: None, max_fee_per_gas: None, max_priority_fee_per_gas: None, max_fee_per_blob_gas: None, gas: None, value: None, input: TransactionInput { input: None, data: Some(0x01ffc9a7d9b67a2600000000000000000000000000000000000000000000000000000000) }, nonce: None, chain_id: None, access_list: None, transaction_type: None, blob_versioned_hashes: None, sidecar: None, authorization_list: None }, other: OtherFields {} }, Some(0x12), None, None)
    Error: Execution error: execution reverted

eth_call

RPC request failed:
    Request: EthCall(WithOtherFields { inner: TransactionRequest { from: None, to: Some(Call(0x5fbdb2315678afecb367f032d93f642f64180aa3)), gas_price: None, max_fee_per_gas: None, max_priority_fee_per_gas: None, max_fee_per_blob_gas: None, gas: None, value: None, input: TransactionInput { input: None, data: Some(0x01ffc9a780ac58cd00000000000000000000000000000000000000000000000000000000) }, nonce: None, chain_id: None, access_list: None, transaction_type: None, blob_versioned_hashes: None, sidecar: None, authorization_list: None }, other: OtherFields {} }, Some(0x12), None, None)
    Error: Execution error: execution reverted

eth_call

RPC request failed:
    Request: EthCall(WithOtherFields { inner: TransactionRequest { from: None, to: Some(Call(0x5fbdb2315678afecb367f032d93f642f64180aa3)), gas_price: None, max_fee_per_gas: None, max_priority_fee_per_gas: None, max_fee_per_blob_gas: None, gas: None, value: None, input: TransactionInput { input: None, data: Some(0x95d89b41) }, nonce: None, chain_id: None, access_list: None, transaction_type: None, blob_versioned_hashes: None, sidecar: None, authorization_list: None }, other: OtherFields {} }, Some(0x12), None, None)
    Error: Execution error: execution reverted

eth_call

RPC request failed:
    Request: EthCall(WithOtherFields { inner: TransactionRequest { from: None, to: Some(Call(0x5fbdb2315678afecb367f032d93f642f64180aa3)), gas_price: None, max_fee_per_gas: None, max_priority_fee_per_gas: None, max_fee_per_blob_gas: None, gas: None, value: None, input: TransactionInput { input: None, data: Some(0x313ce567) }, nonce: None, chain_id: None, access_list: None, transaction_type: None, blob_versioned_hashes: None, sidecar: None, authorization_list: None }, other: OtherFields {} }, Some(0x12), None, None)
    Error: Execution error: execution reverted

eth_call

RPC request failed:
    Request: EthCall(WithOtherFields { inner: TransactionRequest { from: None, to: Some(Call(0x5fbdb2315678afecb367f032d93f642f64180aa3)), gas_price: None, max_fee_per_gas: None, max_priority_fee_per_gas: None, max_fee_per_blob_gas: None, gas: None, value: None, input: TransactionInput { input: None, data: Some(0x70a08231000000000000000000000000f39fd6e51aad88f6f4ce6ab8827279cfffb92266) }, nonce: None, chain_id: None, access_list: None, transaction_type: None, blob_versioned_hashes: None, sidecar: None, authorization_list: None }, other: OtherFields {} }, Some(0x12), None, None)
    Error: Execution error: execution reverted

eth_call

RPC request failed:
    Request: EthCall(WithOtherFields { inner: TransactionRequest { from: None, to: Some(Call(0x5fbdb2315678afecb367f032d93f642f64180aa3)), gas_price: None, max_fee_per_gas: None, max_priority_fee_per_gas: None, max_fee_per_blob_gas: None, gas: None, value: None, input: TransactionInput { input: None, data: Some(0x01ffc9a7d9b67a2600000000000000000000000000000000000000000000000000000000) }, nonce: None, chain_id: None, access_list: None, transaction_type: None, blob_versioned_hashes: None, sidecar: None, authorization_list: None }, other: OtherFields {} }, Some(0x12), None, None)
    Error: Execution error: execution reverted

eth_call

RPC request failed:
    Request: EthCall(WithOtherFields { inner: TransactionRequest { from: None, to: Some(Call(0x5fbdb2315678afecb367f032d93f642f64180aa3)), gas_price: None, max_fee_per_gas: None, max_priority_fee_per_gas: None, max_fee_per_blob_gas: None, gas: None, value: None, input: TransactionInput { input: None, data: Some(0x95d89b41) }, nonce: None, chain_id: None, access_list: None, transaction_type: None, blob_versioned_hashes: None, sidecar: None, authorization_list: None }, other: OtherFields {} }, Some(0x12), None, None)
    Error: Execution error: execution reverted

eth_call

RPC request failed:
    Request: EthCall(WithOtherFields { inner: TransactionRequest { from: None, to: Some(Call(0x5fbdb2315678afecb367f032d93f642f64180aa3)), gas_price: None, max_fee_per_gas: None, max_priority_fee_per_gas: None, max_fee_per_blob_gas: None, gas: None, value: None, input: TransactionInput { input: None, data: Some(0x313ce567) }, nonce: None, chain_id: None, access_list: None, transaction_type: None, blob_versioned_hashes: None, sidecar: None, authorization_list: None }, other: OtherFields {} }, Some(0x12), None, None)
    Error: Execution error: execution reverted

eth_blockNumber
eth_getBalance
eth_getTransactionCount
eth_sendRawTransaction

    Transaction: 0x53608d948b2e111f8fb4bfc6a147a8c8252c5bffdfabdfed31784fd39eb6982f
    Gas used: 26887

    Block Number: 19
    Block Hash: 0x7f97d884f9eefc2ea2f1089322eb039372d577a20ab29d0e935e342568b159d3
    Block Time: "Thu, 8 Jan 2026 08:07:51 +0000"

eth_call

RPC request failed:
    Request: EthCall(WithOtherFields { inner: TransactionRequest { from: None, to: Some(Call(0x5fbdb2315678afecb367f032d93f642f64180aa3)), gas_price: None, max_fee_per_gas: None, max_priority_fee_per_gas: None, max_fee_per_blob_gas: None, gas: None, value: None, input: TransactionInput { input: None, data: Some(0x01ffc9a780ac58cd00000000000000000000000000000000000000000000000000000000) }, nonce: None, chain_id: None, access_list: None, transaction_type: None, blob_versioned_hashes: None, sidecar: None, authorization_list: None }, other: OtherFields {} }, Some(0x12), None, None)
    Error: Execution error: execution reverted

eth_getTransactionReceipt
eth_call

RPC request failed:
    Request: EthCall(WithOtherFields { inner: TransactionRequest { from: None, to: Some(Call(0x5fbdb2315678afecb367f032d93f642f64180aa3)), gas_price: None, max_fee_per_gas: None, max_priority_fee_per_gas: None, max_fee_per_blob_gas: None, gas: None, value: None, input: TransactionInput { input: None, data: Some(0x01ffc9a7d9b67a2600000000000000000000000000000000000000000000000000000000) }, nonce: None, chain_id: None, access_list: None, transaction_type: None, blob_versioned_hashes: None, sidecar: None, authorization_list: None }, other: OtherFields {} }, Some(0x12), None, None)
    Error: Execution error: execution reverted

eth_call

RPC request failed:
    Request: EthCall(WithOtherFields { inner: TransactionRequest { from: None, to: Some(Call(0x5fbdb2315678afecb367f032d93f642f64180aa3)), gas_price: None, max_fee_per_gas: None, max_priority_fee_per_gas: None, max_fee_per_blob_gas: None, gas: None, value: None, input: TransactionInput { input: None, data: Some(0x95d89b41) }, nonce: None, chain_id: None, access_list: None, transaction_type: None, blob_versioned_hashes: None, sidecar: None, authorization_list: None }, other: OtherFields {} }, Some(0x12), None, None)
    Error: Execution error: execution reverted

eth_call

RPC request failed:
    Request: EthCall(WithOtherFields { inner: TransactionRequest { from: None, to: Some(Call(0x5fbdb2315678afecb367f032d93f642f64180aa3)), gas_price: None, max_fee_per_gas: None, max_priority_fee_per_gas: None, max_fee_per_blob_gas: None, gas: None, value: None, input: TransactionInput { input: None, data: Some(0x313ce567) }, nonce: None, chain_id: None, access_list: None, transaction_type: None, blob_versioned_hashes: None, sidecar: None, authorization_list: None }, other: OtherFields {} }, Some(0x12), None, None)
    Error: Execution error: execution reverted

eth_call
eth_call

RPC request failed:
    Request: EthCall(WithOtherFields { inner: TransactionRequest { from: None, to: Some(Call(0xe7f1725e7734ce288f8367e1bb143e90bb3f0512)), gas_price: None, max_fee_per_gas: None, max_priority_fee_per_gas: None, max_fee_per_blob_gas: None, gas: None, value: None, input: TransactionInput { input: None, data: Some(0x01ffc9a780ac58cd00000000000000000000000000000000000000000000000000000000) }, nonce: None, chain_id: None, access_list: None, transaction_type: None, blob_versioned_hashes: None, sidecar: None, authorization_list: None }, other: OtherFields {} }, Some(0x12), None, None)
    Error: Execution error: execution reverted

eth_call
eth_call

RPC request failed:
    Request: EthCall(WithOtherFields { inner: TransactionRequest { from: None, to: Some(Call(0xe7f1725e7734ce288f8367e1bb143e90bb3f0512)), gas_price: None, max_fee_per_gas: None, max_priority_fee_per_gas: None, max_fee_per_blob_gas: None, gas: None, value: None, input: TransactionInput { input: None, data: Some(0x01ffc9a7d9b67a2600000000000000000000000000000000000000000000000000000000) }, nonce: None, chain_id: None, access_list: None, transaction_type: None, blob_versioned_hashes: None, sidecar: None, authorization_list: None }, other: OtherFields {} }, Some(0x12), None, None)
    Error: Execution error: execution reverted

eth_call
eth_call
eth_call
eth_call
eth_call

RPC request failed:
    Request: EthCall(WithOtherFields { inner: TransactionRequest { from: None, to: Some(Call(0xe7f1725e7734ce288f8367e1bb143e90bb3f0512)), gas_price: None, max_fee_per_gas: None, max_priority_fee_per_gas: None, max_fee_per_blob_gas: None, gas: None, value: None, input: TransactionInput { input: None, data: Some(0x313ce567) }, nonce: None, chain_id: None, access_list: None, transaction_type: None, blob_versioned_hashes: None, sidecar: None, authorization_list: None }, other: OtherFields {} }, Some(0x12), None, None)
    Error: Execution error: execution reverted

eth_call
eth_call

RPC request failed:
    Request: EthCall(WithOtherFields { inner: TransactionRequest { from: None, to: Some(Call(0xe7f1725e7734ce288f8367e1bb143e90bb3f0512)), gas_price: None, max_fee_per_gas: None, max_priority_fee_per_gas: None, max_fee_per_blob_gas: None, gas: None, value: None, input: TransactionInput { input: None, data: Some(0x01ffc9a780ac58cd00000000000000000000000000000000000000000000000000000000) }, nonce: None, chain_id: None, access_list: None, transaction_type: None, blob_versioned_hashes: None, sidecar: None, authorization_list: None }, other: OtherFields {} }, Some(0x12), None, None)
    Error: Execution error: execution reverted

eth_call

RPC request failed:
    Request: EthCall(WithOtherFields { inner: TransactionRequest { from: None, to: Some(Call(0xe7f1725e7734ce288f8367e1bb143e90bb3f0512)), gas_price: None, max_fee_per_gas: None, max_priority_fee_per_gas: None, max_fee_per_blob_gas: None, gas: None, value: None, input: TransactionInput { input: None, data: Some(0x01ffc9a7d9b67a2600000000000000000000000000000000000000000000000000000000) }, nonce: None, chain_id: None, access_list: None, transaction_type: None, blob_versioned_hashes: None, sidecar: None, authorization_list: None }, other: OtherFields {} }, Some(0x12), None, None)
    Error: Execution error: execution reverted

eth_call

RPC request failed:
    Request: EthCall(WithOtherFields { inner: TransactionRequest { from: None, to: Some(Call(0xe7f1725e7734ce288f8367e1bb143e90bb3f0512)), gas_price: None, max_fee_per_gas: None, max_priority_fee_per_gas: None, max_fee_per_blob_gas: None, gas: None, value: None, input: TransactionInput { input: None, data: Some(0x313ce567) }, nonce: None, chain_id: None, access_list: None, transaction_type: None, blob_versioned_hashes: None, sidecar: None, authorization_list: None }, other: OtherFields {} }, Some(0x12), None, None)
    Error: Execution error: execution reverted

eth_call

RPC request failed:
    Request: EthCall(WithOtherFields { inner: TransactionRequest { from: None, to: Some(Call(0xe7f1725e7734ce288f8367e1bb143e90bb3f0512)), gas_price: None, max_fee_per_gas: None, max_priority_fee_per_gas: None, max_fee_per_blob_gas: None, gas: None, value: None, input: TransactionInput { input: None, data: Some(0x01ffc9a780ac58cd00000000000000000000000000000000000000000000000000000000) }, nonce: None, chain_id: None, access_list: None, transaction_type: None, blob_versioned_hashes: None, sidecar: None, authorization_list: None }, other: OtherFields {} }, Some(0x12), None, None)
    Error: Execution error: execution reverted

eth_call

RPC request failed:
    Request: EthCall(WithOtherFields { inner: TransactionRequest { from: None, to: Some(Call(0xe7f1725e7734ce288f8367e1bb143e90bb3f0512)), gas_price: None, max_fee_per_gas: None, max_priority_fee_per_gas: None, max_fee_per_blob_gas: None, gas: None, value: None, input: TransactionInput { input: None, data: Some(0x01ffc9a7d9b67a2600000000000000000000000000000000000000000000000000000000) }, nonce: None, chain_id: None, access_list: None, transaction_type: None, blob_versioned_hashes: None, sidecar: None, authorization_list: None }, other: OtherFields {} }, Some(0x12), None, None)
    Error: Execution error: execution reverted

eth_call

RPC request failed:
    Request: EthCall(WithOtherFields { inner: TransactionRequest { from: None, to: Some(Call(0xe7f1725e7734ce288f8367e1bb143e90bb3f0512)), gas_price: None, max_fee_per_gas: None, max_priority_fee_per_gas: None, max_fee_per_blob_gas: None, gas: None, value: None, input: TransactionInput { input: None, data: Some(0x313ce567) }, nonce: None, chain_id: None, access_list: None, transaction_type: None, blob_versioned_hashes: None, sidecar: None, authorization_list: None }, other: OtherFields {} }, Some(0x12), None, None)
    Error: Execution error: execution reverted

eth_call

RPC request failed:
    Request: EthCall(WithOtherFields { inner: TransactionRequest { from: None, to: Some(Call(0xe7f1725e7734ce288f8367e1bb143e90bb3f0512)), gas_price: None, max_fee_per_gas: None, max_priority_fee_per_gas: None, max_fee_per_blob_gas: None, gas: None, value: None, input: TransactionInput { input: None, data: Some(0x01ffc9a780ac58cd00000000000000000000000000000000000000000000000000000000) }, nonce: None, chain_id: None, access_list: None, transaction_type: None, blob_versioned_hashes: None, sidecar: None, authorization_list: None }, other: OtherFields {} }, Some(0x12), None, None)
    Error: Execution error: execution reverted

eth_call

RPC request failed:
    Request: EthCall(WithOtherFields { inner: TransactionRequest { from: None, to: Some(Call(0xe7f1725e7734ce288f8367e1bb143e90bb3f0512)), gas_price: None, max_fee_per_gas: None, max_priority_fee_per_gas: None, max_fee_per_blob_gas: None, gas: None, value: None, input: TransactionInput { input: None, data: Some(0x01ffc9a7d9b67a2600000000000000000000000000000000000000000000000000000000) }, nonce: None, chain_id: None, access_list: None, transaction_type: None, blob_versioned_hashes: None, sidecar: None, authorization_list: None }, other: OtherFields {} }, Some(0x12), None, None)
    Error: Execution error: execution reverted

eth_call

RPC request failed:
    Request: EthCall(WithOtherFields { inner: TransactionRequest { from: None, to: Some(Call(0xe7f1725e7734ce288f8367e1bb143e90bb3f0512)), gas_price: None, max_fee_per_gas: None, max_priority_fee_per_gas: None, max_fee_per_blob_gas: None, gas: None, value: None, input: TransactionInput { input: None, data: Some(0x313ce567) }, nonce: None, chain_id: None, access_list: None, transaction_type: None, blob_versioned_hashes: None, sidecar: None, authorization_list: None }, other: OtherFields {} }, Some(0x12), None, None)
    Error: Execution error: execution reverted

eth_call

RPC request failed:
    Request: EthCall(WithOtherFields { inner: TransactionRequest { from: None, to: Some(Call(0xe7f1725e7734ce288f8367e1bb143e90bb3f0512)), gas_price: None, max_fee_per_gas: None, max_priority_fee_per_gas: None, max_fee_per_blob_gas: None, gas: None, value: None, input: TransactionInput { input: None, data: Some(0x01ffc9a780ac58cd00000000000000000000000000000000000000000000000000000000) }, nonce: None, chain_id: None, access_list: None, transaction_type: None, blob_versioned_hashes: None, sidecar: None, authorization_list: None }, other: OtherFields {} }, Some(0x12), None, None)
    Error: Execution error: execution reverted

eth_call

RPC request failed:
    Request: EthCall(WithOtherFields { inner: TransactionRequest { from: None, to: Some(Call(0xe7f1725e7734ce288f8367e1bb143e90bb3f0512)), gas_price: None, max_fee_per_gas: None, max_priority_fee_per_gas: None, max_fee_per_blob_gas: None, gas: None, value: None, input: TransactionInput { input: None, data: Some(0x01ffc9a7d9b67a2600000000000000000000000000000000000000000000000000000000) }, nonce: None, chain_id: None, access_list: None, transaction_type: None, blob_versioned_hashes: None, sidecar: None, authorization_list: None }, other: OtherFields {} }, Some(0x12), None, None)
    Error: Execution error: execution reverted

eth_call

RPC request failed:
    Request: EthCall(WithOtherFields { inner: TransactionRequest { from: None, to: Some(Call(0xe7f1725e7734ce288f8367e1bb143e90bb3f0512)), gas_price: None, max_fee_per_gas: None, max_priority_fee_per_gas: None, max_fee_per_blob_gas: None, gas: None, value: None, input: TransactionInput { input: None, data: Some(0x313ce567) }, nonce: None, chain_id: None, access_list: None, transaction_type: None, blob_versioned_hashes: None, sidecar: None, authorization_list: None }, other: OtherFields {} }, Some(0x12), None, None)
    Error: Execution error: execution reverted

eth_getBalance
eth_call

RPC request failed:
    Request: EthCall(WithOtherFields { inner: TransactionRequest { from: None, to: Some(Call(0x5fbdb2315678afecb367f032d93f642f64180aa3)), gas_price: None, max_fee_per_gas: None, max_priority_fee_per_gas: None, max_fee_per_blob_gas: None, gas: None, value: None, input: TransactionInput { input: None, data: Some(0x01ffc9a780ac58cd00000000000000000000000000000000000000000000000000000000) }, nonce: None, chain_id: None, access_list: None, transaction_type: None, blob_versioned_hashes: None, sidecar: None, authorization_list: None }, other: OtherFields {} }, Some(0x12), None, None)
    Error: Execution error: execution reverted

eth_call

RPC request failed:
    Request: EthCall(WithOtherFields { inner: TransactionRequest { from: None, to: Some(Call(0x5fbdb2315678afecb367f032d93f642f64180aa3)), gas_price: None, max_fee_per_gas: None, max_priority_fee_per_gas: None, max_fee_per_blob_gas: None, gas: None, value: None, input: TransactionInput { input: None, data: Some(0x01ffc9a7d9b67a2600000000000000000000000000000000000000000000000000000000) }, nonce: None, chain_id: None, access_list: None, transaction_type: None, blob_versioned_hashes: None, sidecar: None, authorization_list: None }, other: OtherFields {} }, Some(0x12), None, None)
    Error: Execution error: execution reverted

eth_call

RPC request failed:
    Request: EthCall(WithOtherFields { inner: TransactionRequest { from: None, to: Some(Call(0x5fbdb2315678afecb367f032d93f642f64180aa3)), gas_price: None, max_fee_per_gas: None, max_priority_fee_per_gas: None, max_fee_per_blob_gas: None, gas: None, value: None, input: TransactionInput { input: None, data: Some(0x95d89b41) }, nonce: None, chain_id: None, access_list: None, transaction_type: None, blob_versioned_hashes: None, sidecar: None, authorization_list: None }, other: OtherFields {} }, Some(0x12), None, None)
    Error: Execution error: execution reverted

eth_call

RPC request failed:
    Request: EthCall(WithOtherFields { inner: TransactionRequest { from: None, to: Some(Call(0x5fbdb2315678afecb367f032d93f642f64180aa3)), gas_price: None, max_fee_per_gas: None, max_priority_fee_per_gas: None, max_fee_per_blob_gas: None, gas: None, value: None, input: TransactionInput { input: None, data: Some(0x313ce567) }, nonce: None, chain_id: None, access_list: None, transaction_type: None, blob_versioned_hashes: None, sidecar: None, authorization_list: None }, other: OtherFields {} }, Some(0x12), None, None)
    Error: Execution error: execution reverted

eth_getCode
eth_call
eth_getBalance
eth_blockNumber
eth_getBalance
eth_getBalance
eth_getBalance
eth_getBalance
eth_gasPrice
eth_getCode
eth_call
eth_getBalance
eth_getBalance
eth_getBalance
eth_getBalance
eth_getBalance
eth_getCode
eth_call
eth_getBalance
eth_getBalance
eth_getBalance
eth_blockNumber
eth_getCode
eth_call
eth_getBalance
eth_blockNumber
eth_getBalance
eth_getBalance
eth_getBalance
eth_getCode
eth_call
eth_getBalance
eth_getBalance
eth_getBalance
eth_getBalance
eth_getCode
eth_call
eth_getBalance
eth_getBalance
eth_getBalance
eth_getBalance
eth_getCode
eth_call
eth_getBalance
eth_blockNumber
eth_getBalance
eth_getBalance
eth_getBalance
eth_getCode
eth_call
eth_getBalance
eth_getBalance
eth_getBalance
eth_getBalance
eth_getCode
eth_getBalance
eth_call
eth_blockNumber
eth_getBalance
eth_getBalance
eth_getBalance
eth_getBalance
eth_getCode
eth_call
eth_blockNumber
eth_getBalance
eth_getBalance
eth_getBalance
eth_getCode
eth_getBalance
eth_call
eth_getBalance
eth_getBalance
eth_getBalance
eth_getCode
eth_call
eth_getBalance
eth_blockNumber
eth_getBalance
eth_getBalance
eth_getBalance
eth_getCode
eth_getBalance
eth_call
eth_blockNumber
eth_getCode
eth_getBalance
eth_getTransactionCount
eth_chainId
eth_getBlockByNumber
eth_maxPriorityFeePerGas
eth_estimateGas
eth_sendRawTransaction

    Transaction: 0xdf1d321c3d4c1131b37fe3444ac3e2f9cc5edbd603bbcd6a869e5245eefdc95f
    Gas used: 147888

    Block Number: 20
    Block Hash: 0xe421256c8f2df6841d69768ffe703ab0f230d6af5604927ceac84826f2b888c2
    Block Time: "Thu, 8 Jan 2026 08:09:58 +0000"

eth_getTransactionReceipt
eth_getBalance
eth_getBalance
eth_getBalance
eth_getBalance
eth_getCode
eth_call
eth_getBalance
eth_call
eth_call
eth_getBalance
eth_getBalance
eth_getBalance
eth_getCode
eth_getCode
eth_getBlockByNumber
eth_estimateGas
eth_blockNumber
eth_call

RPC request failed:
    Request: EthCall(WithOtherFields { inner: TransactionRequest { from: None, to: Some(Call(0xe7f1725e7734ce288f8367e1bb143e90bb3f0512)), gas_price: None, max_fee_per_gas: None, max_priority_fee_per_gas: None, max_fee_per_blob_gas: None, gas: None, value: None, input: TransactionInput { input: None, data: Some(0x01ffc9a780ac58cd00000000000000000000000000000000000000000000000000000000) }, nonce: None, chain_id: None, access_list: None, transaction_type: None, blob_versioned_hashes: None, sidecar: None, authorization_list: None }, other: OtherFields {} }, Some(0x13), None, None)
    Error: Execution error: execution reverted

eth_getBalance
eth_call

RPC request failed:
    Request: EthCall(WithOtherFields { inner: TransactionRequest { from: None, to: Some(Call(0xe7f1725e7734ce288f8367e1bb143e90bb3f0512)), gas_price: None, max_fee_per_gas: None, max_priority_fee_per_gas: None, max_fee_per_blob_gas: None, gas: None, value: None, input: TransactionInput { input: None, data: Some(0x01ffc9a7d9b67a2600000000000000000000000000000000000000000000000000000000) }, nonce: None, chain_id: None, access_list: None, transaction_type: None, blob_versioned_hashes: None, sidecar: None, authorization_list: None }, other: OtherFields {} }, Some(0x14), None, None)
    Error: Execution error: execution reverted

eth_call
eth_call

RPC request failed:
    Request: EthCall(WithOtherFields { inner: TransactionRequest { from: None, to: Some(Call(0xe7f1725e7734ce288f8367e1bb143e90bb3f0512)), gas_price: None, max_fee_per_gas: None, max_priority_fee_per_gas: None, max_fee_per_blob_gas: None, gas: None, value: None, input: TransactionInput { input: None, data: Some(0x313ce567) }, nonce: None, chain_id: None, access_list: None, transaction_type: None, blob_versioned_hashes: None, sidecar: None, authorization_list: None }, other: OtherFields {} }, Some(0x14), None, None)
    Error: Execution error: execution reverted

eth_gasPrice
eth_call

RPC request failed:
    Request: EthCall(WithOtherFields { inner: TransactionRequest { from: None, to: Some(Call(0xe7f1725e7734ce288f8367e1bb143e90bb3f0512)), gas_price: None, max_fee_per_gas: None, max_priority_fee_per_gas: None, max_fee_per_blob_gas: None, gas: None, value: None, input: TransactionInput { input: None, data: Some(0x01ffc9a780ac58cd00000000000000000000000000000000000000000000000000000000) }, nonce: None, chain_id: None, access_list: None, transaction_type: None, blob_versioned_hashes: None, sidecar: None, authorization_list: None }, other: OtherFields {} }, Some(0x14), None, None)
    Error: Execution error: execution reverted

eth_getCode
eth_getBalance
eth_call
eth_call
eth_call

RPC request failed:
    Request: EthCall(WithOtherFields { inner: TransactionRequest { from: None, to: Some(Call(0xe7f1725e7734ce288f8367e1bb143e90bb3f0512)), gas_price: None, max_fee_per_gas: None, max_priority_fee_per_gas: None, max_fee_per_blob_gas: None, gas: None, value: None, input: TransactionInput { input: None, data: Some(0x01ffc9a7d9b67a2600000000000000000000000000000000000000000000000000000000) }, nonce: None, chain_id: None, access_list: None, transaction_type: None, blob_versioned_hashes: None, sidecar: None, authorization_list: None }, other: OtherFields {} }, Some(0x14), None, None)
    Error: Execution error: execution reverted

eth_call

RPC request failed:
    Request: EthCall(WithOtherFields { inner: TransactionRequest { from: None, to: Some(Call(0xe7f1725e7734ce288f8367e1bb143e90bb3f0512)), gas_price: None, max_fee_per_gas: None, max_priority_fee_per_gas: None, max_fee_per_blob_gas: None, gas: None, value: None, input: TransactionInput { input: None, data: Some(0x313ce567) }, nonce: None, chain_id: None, access_list: None, transaction_type: None, blob_versioned_hashes: None, sidecar: None, authorization_list: None }, other: OtherFields {} }, Some(0x14), None, None)
    Error: Execution error: execution reverted

eth_call
eth_getCode
eth_blockNumber
eth_getTransactionCount
eth_sendRawTransaction

    Transaction: 0x4c1f0860ee34e4e92ab3aadcebde1fda74400cd75860bfada30a6f541e8709f1
    Gas used: 47651

    Block Number: 21
    Block Hash: 0x18045cd4761d418c49d1b32da7cee9bc27557fba74f3b3041d478a0dc904ac8f
    Block Time: "Thu, 8 Jan 2026 08:10:17 +0000"

eth_getCode
eth_call

RPC request failed:
    Request: EthCall(WithOtherFields { inner: TransactionRequest { from: None, to: Some(Call(0xe7f1725e7734ce288f8367e1bb143e90bb3f0512)), gas_price: None, max_fee_per_gas: None, max_priority_fee_per_gas: None, max_fee_per_blob_gas: None, gas: None, value: None, input: TransactionInput { input: None, data: Some(0x01ffc9a780ac58cd00000000000000000000000000000000000000000000000000000000) }, nonce: None, chain_id: None, access_list: None, transaction_type: None, blob_versioned_hashes: None, sidecar: None, authorization_list: None }, other: OtherFields {} }, Some(0x14), None, None)
    Error: Execution error: execution reverted

eth_call

RPC request failed:
    Request: EthCall(WithOtherFields { inner: TransactionRequest { from: None, to: Some(Call(0xe7f1725e7734ce288f8367e1bb143e90bb3f0512)), gas_price: None, max_fee_per_gas: None, max_priority_fee_per_gas: None, max_fee_per_blob_gas: None, gas: None, value: None, input: TransactionInput { input: None, data: Some(0x01ffc9a7d9b67a2600000000000000000000000000000000000000000000000000000000) }, nonce: None, chain_id: None, access_list: None, transaction_type: None, blob_versioned_hashes: None, sidecar: None, authorization_list: None }, other: OtherFields {} }, Some(0x14), None, None)
    Error: Execution error: execution reverted

eth_call

RPC request failed:
    Request: EthCall(WithOtherFields { inner: TransactionRequest { from: None, to: Some(Call(0xe7f1725e7734ce288f8367e1bb143e90bb3f0512)), gas_price: None, max_fee_per_gas: None, max_priority_fee_per_gas: None, max_fee_per_blob_gas: None, gas: None, value: None, input: TransactionInput { input: None, data: Some(0x313ce567) }, nonce: None, chain_id: None, access_list: None, transaction_type: None, blob_versioned_hashes: None, sidecar: None, authorization_list: None }, other: OtherFields {} }, Some(0x14), None, None)
    Error: Execution error: execution reverted

eth_call
eth_getBlockByNumber
eth_call
eth_call

RPC request failed:
    Request: EthCall(WithOtherFields { inner: TransactionRequest { from: None, to: Some(Call(0xe7f1725e7734ce288f8367e1bb143e90bb3f0512)), gas_price: None, max_fee_per_gas: None, max_priority_fee_per_gas: None, max_fee_per_blob_gas: None, gas: None, value: None, input: TransactionInput { input: None, data: Some(0x01ffc9a780ac58cd00000000000000000000000000000000000000000000000000000000) }, nonce: None, chain_id: None, access_list: None, transaction_type: None, blob_versioned_hashes: None, sidecar: None, authorization_list: None }, other: OtherFields {} }, Some(0x14), None, None)
    Error: Execution error: execution reverted

eth_call
eth_call

RPC request failed:
    Request: EthCall(WithOtherFields { inner: TransactionRequest { from: None, to: Some(Call(0xe7f1725e7734ce288f8367e1bb143e90bb3f0512)), gas_price: None, max_fee_per_gas: None, max_priority_fee_per_gas: None, max_fee_per_blob_gas: None, gas: None, value: None, input: TransactionInput { input: None, data: Some(0x01ffc9a7d9b67a2600000000000000000000000000000000000000000000000000000000) }, nonce: None, chain_id: None, access_list: None, transaction_type: None, blob_versioned_hashes: None, sidecar: None, authorization_list: None }, other: OtherFields {} }, Some(0x14), None, None)
    Error: Execution error: execution reverted

eth_call
eth_call
eth_call
eth_call

RPC request failed:
    Request: EthCall(WithOtherFields { inner: TransactionRequest { from: None, to: Some(Call(0xe7f1725e7734ce288f8367e1bb143e90bb3f0512)), gas_price: None, max_fee_per_gas: None, max_priority_fee_per_gas: None, max_fee_per_blob_gas: None, gas: None, value: None, input: TransactionInput { input: None, data: Some(0x313ce567) }, nonce: None, chain_id: None, access_list: None, transaction_type: None, blob_versioned_hashes: None, sidecar: None, authorization_list: None }, other: OtherFields {} }, Some(0x14), None, None)
    Error: Execution error: execution reverted

eth_call

RPC request failed:
    Request: EthCall(WithOtherFields { inner: TransactionRequest { from: None, to: Some(Call(0xe7f1725e7734ce288f8367e1bb143e90bb3f0512)), gas_price: None, max_fee_per_gas: None, max_priority_fee_per_gas: None, max_fee_per_blob_gas: None, gas: None, value: None, input: TransactionInput { input: None, data: Some(0x01ffc9a780ac58cd00000000000000000000000000000000000000000000000000000000) }, nonce: None, chain_id: None, access_list: None, transaction_type: None, blob_versioned_hashes: None, sidecar: None, authorization_list: None }, other: OtherFields {} }, Some(0x14), None, None)
    Error: Execution error: execution reverted

eth_call

RPC request failed:
    Request: EthCall(WithOtherFields { inner: TransactionRequest { from: None, to: Some(Call(0xe7f1725e7734ce288f8367e1bb143e90bb3f0512)), gas_price: None, max_fee_per_gas: None, max_priority_fee_per_gas: None, max_fee_per_blob_gas: None, gas: None, value: None, input: TransactionInput { input: None, data: Some(0x01ffc9a7d9b67a2600000000000000000000000000000000000000000000000000000000) }, nonce: None, chain_id: None, access_list: None, transaction_type: None, blob_versioned_hashes: None, sidecar: None, authorization_list: None }, other: OtherFields {} }, Some(0x14), None, None)
    Error: Execution error: execution reverted

eth_call

RPC request failed:
    Request: EthCall(WithOtherFields { inner: TransactionRequest { from: None, to: Some(Call(0xe7f1725e7734ce288f8367e1bb143e90bb3f0512)), gas_price: None, max_fee_per_gas: None, max_priority_fee_per_gas: None, max_fee_per_blob_gas: None, gas: None, value: None, input: TransactionInput { input: None, data: Some(0x313ce567) }, nonce: None, chain_id: None, access_list: None, transaction_type: None, blob_versioned_hashes: None, sidecar: None, authorization_list: None }, other: OtherFields {} }, Some(0x14), None, None)
    Error: Execution error: execution reverted

eth_call

RPC request failed:
    Request: EthCall(WithOtherFields { inner: TransactionRequest { from: None, to: Some(Call(0xe7f1725e7734ce288f8367e1bb143e90bb3f0512)), gas_price: None, max_fee_per_gas: None, max_priority_fee_per_gas: None, max_fee_per_blob_gas: None, gas: None, value: None, input: TransactionInput { input: None, data: Some(0x01ffc9a780ac58cd00000000000000000000000000000000000000000000000000000000) }, nonce: None, chain_id: None, access_list: None, transaction_type: None, blob_versioned_hashes: None, sidecar: None, authorization_list: None }, other: OtherFields {} }, Some(0x14), None, None)
    Error: Execution error: execution reverted

eth_call

RPC request failed:
    Request: EthCall(WithOtherFields { inner: TransactionRequest { from: None, to: Some(Call(0xe7f1725e7734ce288f8367e1bb143e90bb3f0512)), gas_price: None, max_fee_per_gas: None, max_priority_fee_per_gas: None, max_fee_per_blob_gas: None, gas: None, value: None, input: TransactionInput { input: None, data: Some(0x01ffc9a7d9b67a2600000000000000000000000000000000000000000000000000000000) }, nonce: None, chain_id: None, access_list: None, transaction_type: None, blob_versioned_hashes: None, sidecar: None, authorization_list: None }, other: OtherFields {} }, Some(0x14), None, None)
    Error: Execution error: execution reverted

eth_call

RPC request failed:
    Request: EthCall(WithOtherFields { inner: TransactionRequest { from: None, to: Some(Call(0xe7f1725e7734ce288f8367e1bb143e90bb3f0512)), gas_price: None, max_fee_per_gas: None, max_priority_fee_per_gas: None, max_fee_per_blob_gas: None, gas: None, value: None, input: TransactionInput { input: None, data: Some(0x313ce567) }, nonce: None, chain_id: None, access_list: None, transaction_type: None, blob_versioned_hashes: None, sidecar: None, authorization_list: None }, other: OtherFields {} }, Some(0x14), None, None)
    Error: Execution error: execution reverted

eth_call

RPC request failed:
    Request: EthCall(WithOtherFields { inner: TransactionRequest { from: None, to: Some(Call(0xe7f1725e7734ce288f8367e1bb143e90bb3f0512)), gas_price: None, max_fee_per_gas: None, max_priority_fee_per_gas: None, max_fee_per_blob_gas: None, gas: None, value: None, input: TransactionInput { input: None, data: Some(0x01ffc9a780ac58cd00000000000000000000000000000000000000000000000000000000) }, nonce: None, chain_id: None, access_list: None, transaction_type: None, blob_versioned_hashes: None, sidecar: None, authorization_list: None }, other: OtherFields {} }, Some(0x14), None, None)
    Error: Execution error: execution reverted

eth_call

RPC request failed:
    Request: EthCall(WithOtherFields { inner: TransactionRequest { from: None, to: Some(Call(0xe7f1725e7734ce288f8367e1bb143e90bb3f0512)), gas_price: None, max_fee_per_gas: None, max_priority_fee_per_gas: None, max_fee_per_blob_gas: None, gas: None, value: None, input: TransactionInput { input: None, data: Some(0x01ffc9a7d9b67a2600000000000000000000000000000000000000000000000000000000) }, nonce: None, chain_id: None, access_list: None, transaction_type: None, blob_versioned_hashes: None, sidecar: None, authorization_list: None }, other: OtherFields {} }, Some(0x14), None, None)
    Error: Execution error: execution reverted

eth_call

RPC request failed:
    Request: EthCall(WithOtherFields { inner: TransactionRequest { from: None, to: Some(Call(0xe7f1725e7734ce288f8367e1bb143e90bb3f0512)), gas_price: None, max_fee_per_gas: None, max_priority_fee_per_gas: None, max_fee_per_blob_gas: None, gas: None, value: None, input: TransactionInput { input: None, data: Some(0x313ce567) }, nonce: None, chain_id: None, access_list: None, transaction_type: None, blob_versioned_hashes: None, sidecar: None, authorization_list: None }, other: OtherFields {} }, Some(0x14), None, None)
    Error: Execution error: execution reverted

eth_call

RPC request failed:
    Request: EthCall(WithOtherFields { inner: TransactionRequest { from: None, to: Some(Call(0xe7f1725e7734ce288f8367e1bb143e90bb3f0512)), gas_price: None, max_fee_per_gas: None, max_priority_fee_per_gas: None, max_fee_per_blob_gas: None, gas: None, value: None, input: TransactionInput { input: None, data: Some(0x01ffc9a780ac58cd00000000000000000000000000000000000000000000000000000000) }, nonce: None, chain_id: None, access_list: None, transaction_type: None, blob_versioned_hashes: None, sidecar: None, authorization_list: None }, other: OtherFields {} }, Some(0x14), None, None)
    Error: Execution error: execution reverted

eth_call

RPC request failed:
    Request: EthCall(WithOtherFields { inner: TransactionRequest { from: None, to: Some(Call(0xe7f1725e7734ce288f8367e1bb143e90bb3f0512)), gas_price: None, max_fee_per_gas: None, max_priority_fee_per_gas: None, max_fee_per_blob_gas: None, gas: None, value: None, input: TransactionInput { input: None, data: Some(0x01ffc9a7d9b67a2600000000000000000000000000000000000000000000000000000000) }, nonce: None, chain_id: None, access_list: None, transaction_type: None, blob_versioned_hashes: None, sidecar: None, authorization_list: None }, other: OtherFields {} }, Some(0x14), None, None)
    Error: Execution error: execution reverted

eth_call

RPC request failed:
    Request: EthCall(WithOtherFields { inner: TransactionRequest { from: None, to: Some(Call(0xe7f1725e7734ce288f8367e1bb143e90bb3f0512)), gas_price: None, max_fee_per_gas: None, max_priority_fee_per_gas: None, max_fee_per_blob_gas: None, gas: None, value: None, input: TransactionInput { input: None, data: Some(0x313ce567) }, nonce: None, chain_id: None, access_list: None, transaction_type: None, blob_versioned_hashes: None, sidecar: None, authorization_list: None }, other: OtherFields {} }, Some(0x14), None, None)
    Error: Execution error: execution reverted

eth_getBalance
eth_getTransactionReceipt
eth_blockNumber
eth_getBlockByHash
eth_blockNumber
eth_call

RPC request failed:
    Request: EthCall(WithOtherFields { inner: TransactionRequest { from: None, to: Some(Call(0x5fbdb2315678afecb367f032d93f642f64180aa3)), gas_price: None, max_fee_per_gas: None, max_priority_fee_per_gas: None, max_fee_per_blob_gas: None, gas: None, value: None, input: TransactionInput { input: None, data: Some(0x01ffc9a780ac58cd00000000000000000000000000000000000000000000000000000000) }, nonce: None, chain_id: None, access_list: None, transaction_type: None, blob_versioned_hashes: None, sidecar: None, authorization_list: None }, other: OtherFields {} }, Some(0x15), None, None)
    Error: Execution error: execution reverted

eth_call

RPC request failed:
    Request: EthCall(WithOtherFields { inner: TransactionRequest { from: None, to: Some(Call(0xe7f1725e7734ce288f8367e1bb143e90bb3f0512)), gas_price: None, max_fee_per_gas: None, max_priority_fee_per_gas: None, max_fee_per_blob_gas: None, gas: None, value: None, input: TransactionInput { input: None, data: Some(0x01ffc9a780ac58cd00000000000000000000000000000000000000000000000000000000) }, nonce: None, chain_id: None, access_list: None, transaction_type: None, blob_versioned_hashes: None, sidecar: None, authorization_list: None }, other: OtherFields {} }, Some(0x15), None, None)
    Error: Execution error: execution reverted

eth_getBalance
eth_call

RPC request failed:
    Request: EthCall(WithOtherFields { inner: TransactionRequest { from: None, to: Some(Call(0x5fbdb2315678afecb367f032d93f642f64180aa3)), gas_price: None, max_fee_per_gas: None, max_priority_fee_per_gas: None, max_fee_per_blob_gas: None, gas: None, value: None, input: TransactionInput { input: None, data: Some(0x01ffc9a7d9b67a2600000000000000000000000000000000000000000000000000000000) }, nonce: None, chain_id: None, access_list: None, transaction_type: None, blob_versioned_hashes: None, sidecar: None, authorization_list: None }, other: OtherFields {} }, Some(0x15), None, None)
    Error: Execution error: execution reverted

eth_call

RPC request failed:
    Request: EthCall(WithOtherFields { inner: TransactionRequest { from: None, to: Some(Call(0xe7f1725e7734ce288f8367e1bb143e90bb3f0512)), gas_price: None, max_fee_per_gas: None, max_priority_fee_per_gas: None, max_fee_per_blob_gas: None, gas: None, value: None, input: TransactionInput { input: None, data: Some(0x01ffc9a7d9b67a2600000000000000000000000000000000000000000000000000000000) }, nonce: None, chain_id: None, access_list: None, transaction_type: None, blob_versioned_hashes: None, sidecar: None, authorization_list: None }, other: OtherFields {} }, Some(0x15), None, None)
    Error: Execution error: execution reverted

eth_call

RPC request failed:
    Request: EthCall(WithOtherFields { inner: TransactionRequest { from: None, to: Some(Call(0x5fbdb2315678afecb367f032d93f642f64180aa3)), gas_price: None, max_fee_per_gas: None, max_priority_fee_per_gas: None, max_fee_per_blob_gas: None, gas: None, value: None, input: TransactionInput { input: None, data: Some(0x95d89b41) }, nonce: None, chain_id: None, access_list: None, transaction_type: None, blob_versioned_hashes: None, sidecar: None, authorization_list: None }, other: OtherFields {} }, Some(0x15), None, None)
    Error: Execution error: execution reverted

eth_call

RPC request failed:
    Request: EthCall(WithOtherFields { inner: TransactionRequest { from: None, to: Some(Call(0x5fbdb2315678afecb367f032d93f642f64180aa3)), gas_price: None, max_fee_per_gas: None, max_priority_fee_per_gas: None, max_fee_per_blob_gas: None, gas: None, value: None, input: TransactionInput { input: None, data: Some(0x313ce567) }, nonce: None, chain_id: None, access_list: None, transaction_type: None, blob_versioned_hashes: None, sidecar: None, authorization_list: None }, other: OtherFields {} }, Some(0x15), None, None)
    Error: Execution error: execution reverted

eth_call
eth_call

RPC request failed:
    Request: EthCall(WithOtherFields { inner: TransactionRequest { from: None, to: Some(Call(0xe7f1725e7734ce288f8367e1bb143e90bb3f0512)), gas_price: None, max_fee_per_gas: None, max_priority_fee_per_gas: None, max_fee_per_blob_gas: None, gas: None, value: None, input: TransactionInput { input: None, data: Some(0x313ce567) }, nonce: None, chain_id: None, access_list: None, transaction_type: None, blob_versioned_hashes: None, sidecar: None, authorization_list: None }, other: OtherFields {} }, Some(0x15), None, None)
    Error: Execution error: execution reverted

eth_gasPrice
eth_blockNumber
eth_getBalance
eth_getBalance
eth_getCode
eth_getBalance
eth_call
eth_blockNumber
eth_getBalance
eth_getBalance
eth_getBalance
eth_getCode
eth_call
eth_getBalance
eth_getBalance
eth_getBalance
eth_getBalance
eth_getCode
eth_call
eth_getBalance
eth_blockNumber
eth_getBalance
eth_getBalance
eth_getBalance
eth_getBalance
eth_getCode
eth_call
eth_blockNumber
eth_getBalance
eth_getBalance
eth_getBalance
eth_getCode
eth_call
eth_getBalance
eth_getBalance
eth_getBalance
eth_getBalance
eth_getCode
eth_getBalance
eth_call
eth_blockNumber
eth_getBalance
eth_getBalance
eth_getBalance
eth_getCode
eth_call
eth_getBalance
eth_blockNumber
eth_getBalance
eth_getBalance
eth_getBalance
eth_getCode
eth_call
eth_getBalance
eth_getBalance
eth_getBalance
eth_getBalance
eth_getCode
eth_call
eth_getBalance
eth_blockNumber
eth_getBalance
eth_getBalance
eth_getBalance
eth_getCode
eth_call
eth_getBalance
eth_blockNumber
eth_getBalance
eth_getBalance
eth_getBalance
eth_getCode
eth_call
eth_getBalance
eth_getBalance
eth_getBalance
eth_getBalance
eth_getBalance
eth_getBalance
eth_getCode
eth_call
eth_blockNumber
eth_getBalance
eth_getBalance
eth_getCode
eth_getBalance
eth_getTransactionCount
eth_chainId
eth_getBlockByNumber
eth_maxPriorityFeePerGas
eth_estimateGas
eth_sendRawTransaction

    Transaction: 0x2e51df7f20775ae7dd56d4f8249f95cbb34f41aff76f4aa229212ae2225825b3
    Gas used: 147758

    Block Number: 22
    Block Hash: 0x100f8a69baa92df4fd494e93d94a87ea1945c44c1a56b96de44ee14f42dbbc93
    Block Time: "Thu, 8 Jan 2026 08:12:21 +0000"

eth_getTransactionReceipt
eth_getCode
eth_call
eth_call
eth_call
eth_getBalance
eth_getBalance
eth_getCode
eth_call
eth_call
eth_blockNumber
eth_getBalance
eth_gasPrice
eth_getBalance
eth_getBalance
eth_getBalance
eth_getBalance
eth_getCode
eth_call
eth_call
eth_getBalance
eth_getBalance
eth_getBalance
eth_getBalance
eth_getCode
eth_call
eth_call
eth_blockNumber
eth_getBalance
eth_getBalance
eth_getBalance
eth_getBalance
eth_getCode
eth_call
eth_call
eth_blockNumber
eth_getBalance
eth_getBalance
eth_getBalance
eth_getBalance
eth_getCode
eth_call
eth_call
eth_getBalance
eth_getBalance
eth_getBalance
eth_getBalance
eth_getCode
eth_call
eth_call
eth_blockNumber
eth_getBalance
eth_getBalance
eth_getBalance
eth_getBalance
eth_getCode
eth_call
eth_call
eth_blockNumber
eth_getBalance
eth_getBalance
eth_getBalance
eth_getBalance
eth_getCode
eth_call
eth_call
eth_getBalance
eth_getBalance
eth_getBalance
eth_getBalance
eth_getCode
eth_call
eth_call
eth_blockNumber
eth_getBalance
eth_getBalance
eth_getBalance
eth_getBalance
eth_getCode
eth_call
eth_call
eth_blockNumber
eth_getBalance
eth_getBalance
eth_getBalance
eth_getBalance
eth_getCode
eth_call
eth_call
eth_getBalance
eth_getBalance
eth_getBalance
eth_getBalance
eth_getCode
eth_call
eth_call
eth_blockNumber
eth_getBalance
eth_getBalance
eth_getBalance
eth_getBalance
eth_getCode
eth_call
eth_call
eth_blockNumber
eth_getBalance
eth_getBalance
eth_getBalance
eth_getBalance
eth_getCode
eth_call
eth_call
eth_getBalance
eth_getBalance
eth_getBalance
eth_getBalance
eth_getCode
eth_call
eth_call
eth_blockNumber
eth_getBalance
eth_getBalance
eth_getBalance
eth_getBalance
eth_getCode
eth_call
eth_call
eth_blockNumber
eth_getBalance
eth_getBalance
eth_getBalance
eth_getBalance
eth_getCode
eth_call
eth_call
eth_getBalance
eth_getBalance
eth_getBalance
eth_getBalance
eth_getCode
eth_call
eth_call
eth_blockNumber
eth_getBalance
eth_getBalance
eth_getBalance
eth_getBalance
eth_getCode
eth_call
eth_call
eth_blockNumber
eth_getBalance
eth_getBalance
eth_getBalance
eth_getBalance
eth_getCode
eth_call
eth_call
eth_getBalance
eth_getBalance
eth_getBalance
eth_getBalance
eth_getCode
eth_call
eth_call
eth_blockNumber
eth_getBalance
eth_getBalance
eth_getBalance
eth_getBalance
eth_getCode
eth_call
eth_call
eth_blockNumber
eth_getBalance
eth_getBalance
eth_getBalance
eth_getBalance
eth_getCode
eth_call
eth_call
eth_getBalance
eth_getBalance
eth_getBalance
eth_getBalance
eth_getCode
eth_call
eth_call
eth_blockNumber
eth_getBalance
eth_getBalance
eth_getBalance
eth_getBalance
eth_getCode
eth_call
eth_call
eth_blockNumber
eth_getBalance
eth_getBalance
eth_getBalance
eth_getBalance
eth_getCode
eth_call
eth_call
eth_getBalance
eth_getBalance
eth_getBalance
eth_getBalance
eth_getCode
eth_call
eth_call
eth_blockNumber
eth_getBalance
eth_getBalance
eth_getBalance
eth_getBalance
eth_getCode
eth_call
eth_call
eth_blockNumber
eth_getBalance
eth_getBalance
eth_getBalance
eth_getBalance
eth_getCode
eth_call
eth_call
eth_getBalance
eth_getBalance
eth_getBalance
eth_getBalance
eth_getCode
eth_call
eth_call
eth_blockNumber
eth_getBalance
eth_getBalance
eth_getBalance
eth_getBalance
eth_getCode
eth_call
eth_call
eth_blockNumber
eth_getBalance
eth_getBalance
eth_getBalance
eth_getBalance
eth_getCode
eth_call
eth_call
eth_getBalance
eth_getBalance
eth_getBalance
eth_getBalance
eth_getCode
eth_call
eth_call
eth_blockNumber
eth_getBalance
eth_getBalance
eth_getBalance
eth_getBalance
eth_getCode
eth_call
eth_call
eth_blockNumber
eth_getBalance
eth_getBalance
eth_getBalance
eth_getBalance
eth_getCode
eth_call
eth_call
eth_getBalance
eth_getBalance
eth_getBalance
eth_getBalance
eth_getCode
eth_call
eth_call
eth_blockNumber
eth_getBalance
eth_getBalance
eth_getBalance
eth_getBalance
eth_getCode
eth_call
eth_call
eth_blockNumber
eth_getBalance
eth_getBalance
eth_getBalance
eth_getBalance
eth_getCode
eth_call
eth_call
eth_getBalance
eth_getBalance
eth_getBalance
eth_getBalance
eth_getCode
eth_call
eth_call
eth_blockNumber
eth_getBalance
eth_getBalance
eth_getBalance
eth_getBalance
eth_getCode
eth_call
eth_call
eth_blockNumber
eth_getBalance
eth_getBalance
eth_getBalance
eth_getBalance
eth_getCode
eth_call
eth_call
eth_getBalance
eth_getBalance
eth_getBalance
eth_getBalance
eth_getCode
eth_call
eth_call
eth_blockNumber
eth_getBalance
eth_getBalance
eth_getBalance
eth_getBalance
eth_getBalance
eth_getCode
eth_call
eth_call
eth_blockNumber
eth_getBalance
eth_getBalance
eth_getBalance
eth_getBalance
eth_getCode
eth_call
eth_call
eth_getBalance
eth_getBalance
eth_getBalance
eth_getBalance
eth_getCode
eth_call
eth_call
eth_blockNumber
eth_getBalance
eth_getBalance
eth_getBalance
eth_getBalance
eth_getBalance
eth_call
eth_call
eth_getCode
eth_call
eth_call
eth_blockNumber
eth_getBalance
eth_getBalance
eth_getBalance
eth_getBalance
eth_getCode
eth_call
eth_call
eth_getBalance
eth_getBalance
eth_getBalance
eth_getBalance
eth_getBalance
eth_getCode
eth_call
eth_call
eth_blockNumber
eth_getBalance
eth_getBalance
eth_getBalance
eth_getBalance
eth_getBalance
eth_getCode
eth_call
eth_call
eth_blockNumber
eth_getBalance
eth_getBalance
eth_getBalance
eth_getBalance
eth_getCode
eth_call
eth_call
eth_getBalance
eth_getBalance
eth_getBalance
eth_getBalance
eth_getCode
eth_call
eth_call
eth_blockNumber
eth_getBalance
eth_getBalance
eth_getBalance
eth_getBalance
eth_getCode
eth_call
eth_call
eth_blockNumber
eth_getBalance
eth_getBalance
eth_getBalance
eth_getBalance
eth_getCode
eth_call
eth_call
eth_getBalance
eth_getBalance
eth_getBalance
eth_getBalance
eth_getCode
eth_call
eth_call
eth_blockNumber
eth_getBalance
eth_getBalance
eth_getBalance
eth_getBalance
eth_getCode
eth_call
eth_call
eth_blockNumber
eth_getBalance
eth_getBalance
eth_getBalance
eth_getBalance
eth_getCode
eth_call
eth_call
eth_getBalance
eth_getBalance
eth_getBalance
eth_getBalance
eth_getCode
eth_call
eth_call
eth_blockNumber
eth_getBalance
eth_getBalance
eth_getBalance
eth_getBalance
eth_getCode
eth_call
eth_call
eth_blockNumber
eth_getBalance
eth_getBalance
eth_getBalance
eth_getBalance
eth_getCode
eth_call
eth_call
eth_getBalance
eth_getBalance
eth_getBalance
eth_getBalance
eth_getCode
eth_call
eth_call
eth_blockNumber
eth_getCode
eth_getCode
eth_getBlockByNumber
eth_estimateGas
eth_blockNumber
eth_call

RPC request failed:
    Request: EthCall(WithOtherFields { inner: TransactionRequest { from: None, to: Some(Call(0xe7f1725e7734ce288f8367e1bb143e90bb3f0512)), gas_price: None, max_fee_per_gas: None, max_priority_fee_per_gas: None, max_fee_per_blob_gas: None, gas: None, value: None, input: TransactionInput { input: None, data: Some(0x01ffc9a780ac58cd00000000000000000000000000000000000000000000000000000000) }, nonce: None, chain_id: None, access_list: None, transaction_type: None, blob_versioned_hashes: None, sidecar: None, authorization_list: None }, other: OtherFields {} }, Some(0x16), None, None)
    Error: Execution error: execution reverted

eth_call

RPC request failed:
    Request: EthCall(WithOtherFields { inner: TransactionRequest { from: None, to: Some(Call(0xe7f1725e7734ce288f8367e1bb143e90bb3f0512)), gas_price: None, max_fee_per_gas: None, max_priority_fee_per_gas: None, max_fee_per_blob_gas: None, gas: None, value: None, input: TransactionInput { input: None, data: Some(0x01ffc9a7d9b67a2600000000000000000000000000000000000000000000000000000000) }, nonce: None, chain_id: None, access_list: None, transaction_type: None, blob_versioned_hashes: None, sidecar: None, authorization_list: None }, other: OtherFields {} }, Some(0x16), None, None)
    Error: Execution error: execution reverted

eth_call
eth_call

RPC request failed:
    Request: EthCall(WithOtherFields { inner: TransactionRequest { from: None, to: Some(Call(0xe7f1725e7734ce288f8367e1bb143e90bb3f0512)), gas_price: None, max_fee_per_gas: None, max_priority_fee_per_gas: None, max_fee_per_blob_gas: None, gas: None, value: None, input: TransactionInput { input: None, data: Some(0x313ce567) }, nonce: None, chain_id: None, access_list: None, transaction_type: None, blob_versioned_hashes: None, sidecar: None, authorization_list: None }, other: OtherFields {} }, Some(0x16), None, None)
    Error: Execution error: execution reverted

eth_call

RPC request failed:
    Request: EthCall(WithOtherFields { inner: TransactionRequest { from: None, to: Some(Call(0xe7f1725e7734ce288f8367e1bb143e90bb3f0512)), gas_price: None, max_fee_per_gas: None, max_priority_fee_per_gas: None, max_fee_per_blob_gas: None, gas: None, value: None, input: TransactionInput { input: None, data: Some(0x01ffc9a780ac58cd00000000000000000000000000000000000000000000000000000000) }, nonce: None, chain_id: None, access_list: None, transaction_type: None, blob_versioned_hashes: None, sidecar: None, authorization_list: None }, other: OtherFields {} }, Some(0x16), None, None)
    Error: Execution error: execution reverted

eth_call
eth_call

RPC request failed:
    Request: EthCall(WithOtherFields { inner: TransactionRequest { from: None, to: Some(Call(0xe7f1725e7734ce288f8367e1bb143e90bb3f0512)), gas_price: None, max_fee_per_gas: None, max_priority_fee_per_gas: None, max_fee_per_blob_gas: None, gas: None, value: None, input: TransactionInput { input: None, data: Some(0x01ffc9a7d9b67a2600000000000000000000000000000000000000000000000000000000) }, nonce: None, chain_id: None, access_list: None, transaction_type: None, blob_versioned_hashes: None, sidecar: None, authorization_list: None }, other: OtherFields {} }, Some(0x16), None, None)
    Error: Execution error: execution reverted

eth_call
eth_call

RPC request failed:
    Request: EthCall(WithOtherFields { inner: TransactionRequest { from: None, to: Some(Call(0xe7f1725e7734ce288f8367e1bb143e90bb3f0512)), gas_price: None, max_fee_per_gas: None, max_priority_fee_per_gas: None, max_fee_per_blob_gas: None, gas: None, value: None, input: TransactionInput { input: None, data: Some(0x01ffc9a780ac58cd00000000000000000000000000000000000000000000000000000000) }, nonce: None, chain_id: None, access_list: None, transaction_type: None, blob_versioned_hashes: None, sidecar: None, authorization_list: None }, other: OtherFields {} }, Some(0x16), None, None)
    Error: Execution error: execution reverted

eth_call

RPC request failed:
    Request: EthCall(WithOtherFields { inner: TransactionRequest { from: None, to: Some(Call(0xe7f1725e7734ce288f8367e1bb143e90bb3f0512)), gas_price: None, max_fee_per_gas: None, max_priority_fee_per_gas: None, max_fee_per_blob_gas: None, gas: None, value: None, input: TransactionInput { input: None, data: Some(0x313ce567) }, nonce: None, chain_id: None, access_list: None, transaction_type: None, blob_versioned_hashes: None, sidecar: None, authorization_list: None }, other: OtherFields {} }, Some(0x16), None, None)
    Error: Execution error: execution reverted

eth_call
eth_call
eth_call
eth_call

RPC request failed:
    Request: EthCall(WithOtherFields { inner: TransactionRequest { from: None, to: Some(Call(0xe7f1725e7734ce288f8367e1bb143e90bb3f0512)), gas_price: None, max_fee_per_gas: None, max_priority_fee_per_gas: None, max_fee_per_blob_gas: None, gas: None, value: None, input: TransactionInput { input: None, data: Some(0x01ffc9a7d9b67a2600000000000000000000000000000000000000000000000000000000) }, nonce: None, chain_id: None, access_list: None, transaction_type: None, blob_versioned_hashes: None, sidecar: None, authorization_list: None }, other: OtherFields {} }, Some(0x16), None, None)
    Error: Execution error: execution reverted

eth_call

RPC request failed:
    Request: EthCall(WithOtherFields { inner: TransactionRequest { from: None, to: Some(Call(0xe7f1725e7734ce288f8367e1bb143e90bb3f0512)), gas_price: None, max_fee_per_gas: None, max_priority_fee_per_gas: None, max_fee_per_blob_gas: None, gas: None, value: None, input: TransactionInput { input: None, data: Some(0x313ce567) }, nonce: None, chain_id: None, access_list: None, transaction_type: None, blob_versioned_hashes: None, sidecar: None, authorization_list: None }, other: OtherFields {} }, Some(0x16), None, None)
    Error: Execution error: execution reverted

eth_blockNumber
eth_getBalance
eth_getTransactionCount
eth_sendRawTransaction

    Transaction: 0xee289f41d2c5014e52c5859f2c85b6b6bb15df2c7eb35e11da4614e1c10755f8
    Gas used: 46566

    Block Number: 23
    Block Hash: 0x29524ad65cb0ccbb2ced26182158ff1c5712f177505f72d27d22855cea23fcc1
    Block Time: "Thu, 8 Jan 2026 08:22:19 +0000"

eth_call

RPC request failed:
eth_call
    Request: EthCall(WithOtherFields { inner: TransactionRequest { from: None, to: Some(Call(0xe7f1725e7734ce288f8367e1bb143e90bb3f0512)), gas_price: None, max_fee_per_gas: None, max_priority_fee_per_gas: None, max_fee_per_blob_gas: None, gas: None, value: None, input: TransactionInput { input: None, data: Some(0x01ffc9a780ac58cd00000000000000000000000000000000000000000000000000000000) }, nonce: None, chain_id: None, access_list: None, transaction_type: None, blob_versioned_hashes: None, sidecar: None, authorization_list: None }, other: OtherFields {} }, Some(0x16), None, None)
    Error: Execution error: execution reverted

eth_call

RPC request failed:
    Request: EthCall(WithOtherFields { inner: TransactionRequest { from: None, to: Some(Call(0xe7f1725e7734ce288f8367e1bb143e90bb3f0512)), gas_price: None, max_fee_per_gas: None, max_priority_fee_per_gas: None, max_fee_per_blob_gas: None, gas: None, value: None, input: TransactionInput { input: None, data: Some(0x01ffc9a7d9b67a2600000000000000000000000000000000000000000000000000000000) }, nonce: None, chain_id: None, access_list: None, transaction_type: None, blob_versioned_hashes: None, sidecar: None, authorization_list: None }, other: OtherFields {} }, Some(0x16), None, None)
    Error: Execution error: execution reverted

eth_call

RPC request failed:
    Request: EthCall(WithOtherFields { inner: TransactionRequest { from: None, to: Some(Call(0xe7f1725e7734ce288f8367e1bb143e90bb3f0512)), gas_price: None, max_fee_per_gas: None, max_priority_fee_per_gas: None, max_fee_per_blob_gas: None, gas: None, value: None, input: TransactionInput { input: None, data: Some(0x313ce567) }, nonce: None, chain_id: None, access_list: None, transaction_type: None, blob_versioned_hashes: None, sidecar: None, authorization_list: None }, other: OtherFields {} }, Some(0x16), None, None)
    Error: Execution error: execution reverted

eth_getBalance
eth_call
eth_call

RPC request failed:
    Request: EthCall(WithOtherFields { inner: TransactionRequest { from: None, to: Some(Call(0xe7f1725e7734ce288f8367e1bb143e90bb3f0512)), gas_price: None, max_fee_per_gas: None, max_priority_fee_per_gas: None, max_fee_per_blob_gas: None, gas: None, value: None, input: TransactionInput { input: None, data: Some(0x01ffc9a780ac58cd00000000000000000000000000000000000000000000000000000000) }, nonce: None, chain_id: None, access_list: None, transaction_type: None, blob_versioned_hashes: None, sidecar: None, authorization_list: None }, other: OtherFields {} }, Some(0x16), None, None)
    Error: Execution error: execution reverted

eth_call

RPC request failed:
    Request: EthCall(WithOtherFields { inner: TransactionRequest { from: None, to: Some(Call(0xe7f1725e7734ce288f8367e1bb143e90bb3f0512)), gas_price: None, max_fee_per_gas: None, max_priority_fee_per_gas: None, max_fee_per_blob_gas: None, gas: None, value: None, input: TransactionInput { input: None, data: Some(0x01ffc9a780ac58cd00000000000000000000000000000000000000000000000000000000) }, nonce: None, chain_id: None, access_list: None, transaction_type: None, blob_versioned_hashes: None, sidecar: None, authorization_list: None }, other: OtherFields {} }, Some(0x16), None, None)
    Error: Execution error: execution reverted

eth_call
eth_call

RPC request failed:
    Request: EthCall(WithOtherFields { inner: TransactionRequest { from: None, to: Some(Call(0xe7f1725e7734ce288f8367e1bb143e90bb3f0512)), gas_price: None, max_fee_per_gas: None, max_priority_fee_per_gas: None, max_fee_per_blob_gas: None, gas: None, value: None, input: TransactionInput { input: None, data: Some(0x01ffc9a7d9b67a2600000000000000000000000000000000000000000000000000000000) }, nonce: None, chain_id: None, access_list: None, transaction_type: None, blob_versioned_hashes: None, sidecar: None, authorization_list: None }, other: OtherFields {} }, Some(0x16), None, None)
    Error: Execution error: execution reverted

eth_call
eth_call
eth_call
eth_call

RPC request failed:
    Request: EthCall(WithOtherFields { inner: TransactionRequest { from: None, to: Some(Call(0xe7f1725e7734ce288f8367e1bb143e90bb3f0512)), gas_price: None, max_fee_per_gas: None, max_priority_fee_per_gas: None, max_fee_per_blob_gas: None, gas: None, value: None, input: TransactionInput { input: None, data: Some(0x313ce567) }, nonce: None, chain_id: None, access_list: None, transaction_type: None, blob_versioned_hashes: None, sidecar: None, authorization_list: None }, other: OtherFields {} }, Some(0x16), None, None)
    Error: Execution error: execution reverted

eth_call

RPC request failed:
    Request: EthCall(WithOtherFields { inner: TransactionRequest { from: None, to: Some(Call(0xe7f1725e7734ce288f8367e1bb143e90bb3f0512)), gas_price: None, max_fee_per_gas: None, max_priority_fee_per_gas: None, max_fee_per_blob_gas: None, gas: None, value: None, input: TransactionInput { input: None, data: Some(0x01ffc9a780ac58cd00000000000000000000000000000000000000000000000000000000) }, nonce: None, chain_id: None, access_list: None, transaction_type: None, blob_versioned_hashes: None, sidecar: None, authorization_list: None }, other: OtherFields {} }, Some(0x16), None, None)
    Error: Execution error: execution reverted

eth_call

RPC request failed:
    Request: EthCall(WithOtherFields { inner: TransactionRequest { from: None, to: Some(Call(0xe7f1725e7734ce288f8367e1bb143e90bb3f0512)), gas_price: None, max_fee_per_gas: None, max_priority_fee_per_gas: None, max_fee_per_blob_gas: None, gas: None, value: None, input: TransactionInput { input: None, data: Some(0x01ffc9a7d9b67a2600000000000000000000000000000000000000000000000000000000) }, nonce: None, chain_id: None, access_list: None, transaction_type: None, blob_versioned_hashes: None, sidecar: None, authorization_list: None }, other: OtherFields {} }, Some(0x16), None, None)
    Error: Execution error: execution reverted

eth_call

RPC request failed:
    Request: EthCall(WithOtherFields { inner: TransactionRequest { from: None, to: Some(Call(0xe7f1725e7734ce288f8367e1bb143e90bb3f0512)), gas_price: None, max_fee_per_gas: None, max_priority_fee_per_gas: None, max_fee_per_blob_gas: None, gas: None, value: None, input: TransactionInput { input: None, data: Some(0x01ffc9a780ac58cd00000000000000000000000000000000000000000000000000000000) }, nonce: None, chain_id: None, access_list: None, transaction_type: None, blob_versioned_hashes: None, sidecar: None, authorization_list: None }, other: OtherFields {} }, Some(0x16), None, None)
    Error: Execution error: execution reverted

eth_call

RPC request failed:
    Request: EthCall(WithOtherFields { inner: TransactionRequest { from: None, to: Some(Call(0xe7f1725e7734ce288f8367e1bb143e90bb3f0512)), gas_price: None, max_fee_per_gas: None, max_priority_fee_per_gas: None, max_fee_per_blob_gas: None, gas: None, value: None, input: TransactionInput { input: None, data: Some(0x313ce567) }, nonce: None, chain_id: None, access_list: None, transaction_type: None, blob_versioned_hashes: None, sidecar: None, authorization_list: None }, other: OtherFields {} }, Some(0x16), None, None)
    Error: Execution error: execution reverted

eth_call

RPC request failed:
    Request: EthCall(WithOtherFields { inner: TransactionRequest { from: None, to: Some(Call(0xe7f1725e7734ce288f8367e1bb143e90bb3f0512)), gas_price: None, max_fee_per_gas: None, max_priority_fee_per_gas: None, max_fee_per_blob_gas: None, gas: None, value: None, input: TransactionInput { input: None, data: Some(0x01ffc9a7d9b67a2600000000000000000000000000000000000000000000000000000000) }, nonce: None, chain_id: None, access_list: None, transaction_type: None, blob_versioned_hashes: None, sidecar: None, authorization_list: None }, other: OtherFields {} }, Some(0x16), None, None)
    Error: Execution error: execution reverted

eth_call

RPC request failed:
    Request: EthCall(WithOtherFields { inner: TransactionRequest { from: None, to: Some(Call(0xe7f1725e7734ce288f8367e1bb143e90bb3f0512)), gas_price: None, max_fee_per_gas: None, max_priority_fee_per_gas: None, max_fee_per_blob_gas: None, gas: None, value: None, input: TransactionInput { input: None, data: Some(0x313ce567) }, nonce: None, chain_id: None, access_list: None, transaction_type: None, blob_versioned_hashes: None, sidecar: None, authorization_list: None }, other: OtherFields {} }, Some(0x16), None, None)
    Error: Execution error: execution reverted

eth_call

RPC request failed:
    Request: EthCall(WithOtherFields { inner: TransactionRequest { from: None, to: Some(Call(0xe7f1725e7734ce288f8367e1bb143e90bb3f0512)), gas_price: None, max_fee_per_gas: None, max_priority_fee_per_gas: None, max_fee_per_blob_gas: None, gas: None, value: None, input: TransactionInput { input: None, data: Some(0x01ffc9a780ac58cd00000000000000000000000000000000000000000000000000000000) }, nonce: None, chain_id: None, access_list: None, transaction_type: None, blob_versioned_hashes: None, sidecar: None, authorization_list: None }, other: OtherFields {} }, Some(0x16), None, None)
    Error: Execution error: execution reverted

eth_call

RPC request failed:
    Request: EthCall(WithOtherFields { inner: TransactionRequest { from: None, to: Some(Call(0xe7f1725e7734ce288f8367e1bb143e90bb3f0512)), gas_price: None, max_fee_per_gas: None, max_priority_fee_per_gas: None, max_fee_per_blob_gas: None, gas: None, value: None, input: TransactionInput { input: None, data: Some(0x01ffc9a7d9b67a2600000000000000000000000000000000000000000000000000000000) }, nonce: None, chain_id: None, access_list: None, transaction_type: None, blob_versioned_hashes: None, sidecar: None, authorization_list: None }, other: OtherFields {} }, Some(0x16), None, None)
    Error: Execution error: execution reverted

eth_call

RPC request failed:
    Request: EthCall(WithOtherFields { inner: TransactionRequest { from: None, to: Some(Call(0xe7f1725e7734ce288f8367e1bb143e90bb3f0512)), gas_price: None, max_fee_per_gas: None, max_priority_fee_per_gas: None, max_fee_per_blob_gas: None, gas: None, value: None, input: TransactionInput { input: None, data: Some(0x313ce567) }, nonce: None, chain_id: None, access_list: None, transaction_type: None, blob_versioned_hashes: None, sidecar: None, authorization_list: None }, other: OtherFields {} }, Some(0x16), None, None)
    Error: Execution error: execution reverted

eth_getTransactionReceipt
eth_blockNumber
eth_getBlockByHash
eth_blockNumber
eth_call
eth_call

RPC request failed:

RPC request failed:
    Request: EthCall(WithOtherFields { inner: TransactionRequest { from: None, to: Some(Call(0xe7f1725e7734ce288f8367e1bb143e90bb3f0512)), gas_price: None, max_fee_per_gas: None, max_priority_fee_per_gas: None, max_fee_per_blob_gas: None, gas: None, value: None, input: TransactionInput { input: None, data: Some(0x01ffc9a780ac58cd00000000000000000000000000000000000000000000000000000000) }, nonce: None, chain_id: None, access_list: None, transaction_type: None, blob_versioned_hashes: None, sidecar: None, authorization_list: None }, other: OtherFields {} }, Some(0x17), None, None)
    Request: EthCall(WithOtherFields { inner: TransactionRequest { from: None, to: Some(Call(0x5fbdb2315678afecb367f032d93f642f64180aa3)), gas_price: None, max_fee_per_gas: None, max_priority_fee_per_gas: None, max_fee_per_blob_gas: None, gas: None, value: None, input: TransactionInput { input: None, data: Some(0x01ffc9a780ac58cd00000000000000000000000000000000000000000000000000000000) }, nonce: None, chain_id: None, access_list: None, transaction_type: None, blob_versioned_hashes: None, sidecar: None, authorization_list: None }, other: OtherFields {} }, Some(0x17), None, None)
    Error: Execution error: execution reverted

    Error: Execution error: execution reverted

eth_getBalance
eth_call

RPC request failed:
    Request: EthCall(WithOtherFields { inner: TransactionRequest { from: None, to: Some(Call(0xe7f1725e7734ce288f8367e1bb143e90bb3f0512)), gas_price: None, max_fee_per_gas: None, max_priority_fee_per_gas: None, max_fee_per_blob_gas: None, gas: None, value: None, input: TransactionInput { input: None, data: Some(0x01ffc9a7d9b67a2600000000000000000000000000000000000000000000000000000000) }, nonce: None, chain_id: None, access_list: None, transaction_type: None, blob_versioned_hashes: None, sidecar: None, authorization_list: None }, other: OtherFields {} }, Some(0x17), None, None)
    Error: Execution error: execution reverted

eth_call

RPC request failed:
    Request: EthCall(WithOtherFields { inner: TransactionRequest { from: None, to: Some(Call(0x5fbdb2315678afecb367f032d93f642f64180aa3)), gas_price: None, max_fee_per_gas: None, max_priority_fee_per_gas: None, max_fee_per_blob_gas: None, gas: None, value: None, input: TransactionInput { input: None, data: Some(0x01ffc9a7d9b67a2600000000000000000000000000000000000000000000000000000000) }, nonce: None, chain_id: None, access_list: None, transaction_type: None, blob_versioned_hashes: None, sidecar: None, authorization_list: None }, other: OtherFields {} }, Some(0x17), None, None)
    Error: Execution error: execution reverted

eth_call
eth_call

RPC request failed:
    Request: EthCall(WithOtherFields { inner: TransactionRequest { from: None, to: Some(Call(0xe7f1725e7734ce288f8367e1bb143e90bb3f0512)), gas_price: None, max_fee_per_gas: None, max_priority_fee_per_gas: None, max_fee_per_blob_gas: None, gas: None, value: None, input: TransactionInput { input: None, data: Some(0x313ce567) }, nonce: None, chain_id: None, access_list: None, transaction_type: None, blob_versioned_hashes: None, sidecar: None, authorization_list: None }, other: OtherFields {} }, Some(0x17), None, None)
    Error: Execution error: execution reverted

eth_call

RPC request failed:
    Request: EthCall(WithOtherFields { inner: TransactionRequest { from: None, to: Some(Call(0x5fbdb2315678afecb367f032d93f642f64180aa3)), gas_price: None, max_fee_per_gas: None, max_priority_fee_per_gas: None, max_fee_per_blob_gas: None, gas: None, value: None, input: TransactionInput { input: None, data: Some(0x95d89b41) }, nonce: None, chain_id: None, access_list: None, transaction_type: None, blob_versioned_hashes: None, sidecar: None, authorization_list: None }, other: OtherFields {} }, Some(0x17), None, None)
    Error: Execution error: execution reverted

eth_call

RPC request failed:
    Request: EthCall(WithOtherFields { inner: TransactionRequest { from: None, to: Some(Call(0x5fbdb2315678afecb367f032d93f642f64180aa3)), gas_price: None, max_fee_per_gas: None, max_priority_fee_per_gas: None, max_fee_per_blob_gas: None, gas: None, value: None, input: TransactionInput { input: None, data: Some(0x313ce567) }, nonce: None, chain_id: None, access_list: None, transaction_type: None, blob_versioned_hashes: None, sidecar: None, authorization_list: None }, other: OtherFields {} }, Some(0x17), None, None)
    Error: Execution error: execution reverted

eth_blockNumber
eth_gasPrice
eth_getBalance
eth_getBalance
eth_getCode
eth_call
eth_call
eth_blockNumber
eth_getBalance
eth_getBalance
eth_getBalance
eth_getBalance
eth_getBalance
eth_getTransactionCount
eth_getBlockByNumber
eth_maxPriorityFeePerGas
eth_estimateGas
eth_sendRawTransaction

    Transaction: 0xd8c48b52bdaf72c789ed53b9b6101762410383ad0843f7cfc11c8a9ac1715c82
    Gas used: 52686

    Block Number: 24
    Block Hash: 0xf1377f9829d58d63246f2624fb91123c7c35f6d93f5552b1b88f5434038d016d
    Block Time: "Thu, 8 Jan 2026 08:22:33 +0000"

eth_getTransactionReceipt
eth_getTransactionCount
eth_sendRawTransaction

    Transaction: 0x2001d1746f150bc5e0ff4e78d1d8b2de7d88f3f84c39594113a5a08e291ae685
    Gas used: 26887

    Block Number: 25
    Block Hash: 0xb3b3e328316dd0eac4bbee1912e16c7435d586858567863545d7741f0d5fdb96
    Block Time: "Thu, 8 Jan 2026 08:22:33 +0000"

eth_getTransactionReceipt
eth_getCode
eth_call
eth_getBalance
eth_getBalance
eth_getCode
eth_call
eth_getBalance
eth_getBalance
eth_getBalance
eth_getBalance
eth_getBalance
eth_getBalance
eth_getCode
eth_call
eth_blockNumber
eth_gasPrice
eth_getBalance
eth_getBalance
eth_getBalance
eth_getBalance
eth_getCode
eth_call
eth_blockNumber
eth_getBalance
eth_getBalance
eth_getBalance
eth_getBalance
eth_getBalance
eth_getCode
eth_call
eth_getBalance
eth_getBalance
eth_getBalance
eth_getBalance
eth_getCode
eth_call
eth_blockNumber
eth_getBalance
eth_getBalance
eth_getBalance
eth_getBalance
eth_getCode
eth_call
eth_blockNumber
eth_getBalance
eth_getBalance
eth_getBalance
eth_getBalance
eth_getCode
eth_call
eth_getBalance
eth_getBalance
eth_getBalance
eth_getBalance
eth_getCode
eth_call
eth_blockNumber
eth_getBalance
eth_getBalance
eth_getBalance
eth_getBalance
eth_getCode
eth_call
eth_blockNumber
eth_getBalance
eth_getBalance
eth_getBalance
eth_getBalance
eth_getCode
eth_call
eth_getBalance
eth_getBalance
eth_getBalance
eth_getBalance
eth_getBalance
eth_getCode
eth_call
eth_getBalance
eth_getBalance
eth_getBalance
eth_blockNumber
eth_getBalance
eth_getCode
eth_call
eth_getBalance
eth_getBalance
eth_blockNumber
eth_getBalance
eth_getBalance
eth_getCode
eth_call
eth_getBalance
eth_getBalance
eth_getBalance
eth_getBalance
eth_getBalance
eth_getCode
eth_call
eth_getBalance
eth_getBalance
eth_getBalance
eth_blockNumber
eth_getBalance
eth_getCode
eth_call
eth_getBalance
eth_getBalance
eth_blockNumber
eth_getBalance
eth_getBalance
eth_getCode
eth_call
eth_getBalance
eth_getBalance
eth_getBalance
eth_getBalance
eth_getCode
eth_call
eth_getBalance
eth_getBalance
eth_getBalance
eth_blockNumber
eth_getBalance
eth_getCode
eth_call
eth_getBalance
eth_getBalance
eth_blockNumber
eth_getBalance
eth_getBalance
eth_getCode
eth_call
eth_getBalance
eth_getBalance
eth_getBalance
eth_getBalance
eth_getCode
eth_call
eth_getBalance
eth_getBalance
eth_getBalance
eth_blockNumber
eth_getBalance
eth_getCode
eth_call
eth_getBalance
eth_getBalance
eth_blockNumber
eth_getBalance
eth_getBalance
eth_getCode
eth_call
eth_getBalance
eth_getBalance
eth_getBalance
eth_getBalance
eth_getCode
eth_call
eth_getBalance
eth_getBalance
eth_getBalance
eth_getBalance
eth_blockNumber
eth_getCode
eth_call
eth_getBalance
eth_getBalance
eth_blockNumber
eth_getBalance
eth_getBalance
eth_getCode
eth_call
eth_getBalance
eth_getBalance
eth_getBalance
eth_getBalance
eth_getCode
eth_call
eth_getBalance
eth_getBalance
eth_getBalance
eth_getBalance
eth_blockNumber
eth_getCode
eth_call
eth_getBalance
eth_getBalance
eth_blockNumber
eth_getBalance
eth_getBalance
eth_getCode
eth_call
eth_getBalance
eth_getBalance
eth_getBalance
eth_getBalance
eth_getCode
eth_call
eth_getBalance
eth_getBalance
eth_getBalance
eth_getBalance
eth_blockNumber
eth_getCode
eth_call
eth_getBalance
eth_getBalance
eth_blockNumber
eth_getBalance
eth_getBalance
eth_getCode
eth_call
eth_getBalance
eth_getBalance
eth_getBalance
eth_getBalance
eth_getCode
eth_call
eth_getBalance
eth_getBalance
eth_getBalance
eth_getBalance
eth_getCode
eth_call
eth_blockNumber
eth_getBalance
eth_getBalance
eth_blockNumber
eth_getBalance
eth_getBalance
eth_getCode
eth_call
eth_getBalance
eth_getBalance
eth_getBalance
eth_getBalance
eth_getCode
eth_call
eth_getBalance
eth_getBalance
eth_getBalance
eth_getBalance
eth_blockNumber
eth_getBalance
eth_getBalance
eth_getBalance
eth_getBalance
eth_getBalance
eth_getCode
eth_call
eth_getBalance
eth_blockNumber
eth_getBalance
eth_getBalance
eth_getBalance
eth_getCode
eth_call
eth_getBalance
eth_getBalance
eth_getBalance
eth_getBalance
eth_getCode
eth_call
eth_getBalance
eth_getBalance
eth_getBalance
eth_blockNumber
eth_getBalance
eth_getBalance
eth_getBalance
eth_getBalance
eth_getBalance
eth_blockNumber
eth_getBalance
eth_getBalance
eth_getBalance
eth_getCode
eth_call
eth_getBalance
eth_getBalance
eth_getBalance
eth_getBalance
eth_getCode
eth_call
eth_getBalance
eth_getBalance
eth_getBalance
eth_getBalance
eth_getCode
eth_call
eth_blockNumber
eth_getBalance
eth_getBalance
eth_blockNumber
eth_getBalance
eth_getBalance
eth_getCode
eth_call
eth_getBalance
eth_getBalance
eth_getBalance
eth_getBalance
eth_getCode
eth_call
eth_getBalance
eth_getBalance
eth_getBalance
eth_getBalance
eth_getCode
eth_call
eth_blockNumber
eth_getBalance
eth_getBalance
eth_blockNumber
eth_getBalance
eth_getBalance
eth_getCode
eth_call
eth_getBalance
eth_getBalance
eth_getBalance
eth_getBalance
eth_getCode
eth_call
eth_getBalance
eth_getBalance
eth_getBalance
eth_getBalance
eth_getCode
eth_call
eth_blockNumber
eth_getBalance
eth_getBalance
eth_blockNumber
eth_getBalance
eth_getBalance
eth_getCode
eth_call
eth_getBalance
eth_getBalance
eth_getBalance
eth_getBalance
eth_getCode
eth_call
eth_getBalance
eth_getBalance
eth_getBalance
eth_getBalance
eth_getCode
eth_call
eth_blockNumber
eth_getBalance
eth_getBalance
eth_blockNumber
eth_getBalance
eth_getBalance
eth_getCode
eth_call
eth_getBalance
eth_getBalance
eth_getBalance
eth_getBalance
eth_getCode
eth_call
eth_getBalance
eth_getBalance
eth_getBalance
eth_getBalance
eth_getCode
eth_call
eth_getBalance
eth_blockNumber
eth_getBalance
eth_getBalance
eth_blockNumber
eth_getBalance
eth_getCode
eth_call
eth_getBalance
eth_getBalance
eth_getBalance
eth_getBalance
eth_getCode
eth_call
eth_getBalance
eth_getBalance
eth_getCode
eth_call
eth_getBalance
eth_getBalance
eth_getBalance
eth_getBalance
eth_blockNumber
eth_getCode
eth_call
eth_getBalance
eth_getBalance
eth_blockNumber
eth_getBalance
eth_getBalance
eth_getBalance
eth_getCode
eth_getBalance
eth_call
eth_getBalance
eth_getBalance
eth_getBalance
eth_getCode
eth_call
eth_getBalance
eth_getBalance
eth_getBalance
eth_getBalance
eth_blockNumber
eth_getCode
eth_getBalance
eth_call
eth_getBalance
eth_blockNumber
eth_getBalance
eth_getBalance
eth_getCode
eth_call
eth_getBalance
eth_getBalance
eth_getBalance
eth_getBalance
eth_getCode
eth_call
eth_getBalance
eth_getBalance
eth_getBalance
eth_getBalance
eth_blockNumber
eth_getCode
eth_call
eth_getBalance
eth_getBalance
eth_blockNumber
eth_getBalance
eth_getBalance
eth_getBalance
eth_getCode
eth_call
eth_getBalance
eth_getBalance
eth_getBalance
eth_getCode
eth_call
eth_getBalance
eth_getBalance
eth_getBalance
eth_getBalance
eth_blockNumber
eth_getCode
eth_call
eth_getBalance
eth_getBalance
eth_blockNumber
eth_getBalance
eth_getBalance
eth_getCode
eth_call
eth_getBalance
eth_getBalance
eth_getBalance
eth_getBalance
eth_getCode
eth_call
eth_getBalance
eth_getBalance
eth_getBalance
eth_getBalance
eth_blockNumber
eth_getCode
eth_getBalance
eth_call
eth_getBalance
eth_blockNumber
eth_getBalance
eth_getBalance
eth_getCode
eth_call
eth_getBalance
eth_getBalance
eth_getBalance
eth_getBalance
eth_getBalance
eth_getCode
eth_call
eth_getBalance
eth_getBalance
eth_getBalance
eth_blockNumber
eth_getCode
eth_call
eth_getBalance
eth_getBalance
eth_blockNumber
eth_getBalance
eth_getBalance
eth_getCode
eth_call
eth_getBalance
eth_getBalance
eth_getBalance
eth_getBalance
eth_getCode
eth_call
eth_getBalance
eth_getBalance
eth_getBalance
eth_getBalance
eth_blockNumber
eth_getBalance
eth_getCode
eth_call
eth_getBalance
eth_blockNumber
eth_getBalance
eth_getBalance
eth_getCode
eth_call
eth_getBalance
eth_getBalance
eth_getBalance
eth_getBalance
eth_getCode
eth_call
eth_getBalance
eth_getBalance
eth_getBalance
eth_getBalance
eth_blockNumber
eth_getCode
eth_call
eth_getBalance
eth_getBalance
eth_blockNumber
eth_getBalance
eth_getBalance
eth_getCode
eth_call
eth_getBalance
eth_getBalance
eth_getBalance
eth_getBalance
eth_getCode
eth_call
eth_getBalance
eth_getBalance
eth_getBalance
eth_getBalance
eth_blockNumber
eth_getCode
eth_call
eth_getBalance
eth_getBalance
eth_blockNumber
eth_getBalance
eth_getBalance
eth_getCode
eth_call
eth_getBalance
eth_getBalance
eth_getBalance
eth_getBalance
eth_getCode
eth_call
eth_getBalance
eth_getBalance
eth_getBalance
eth_getBalance
eth_blockNumber
eth_getCode
eth_call
eth_getBalance
eth_getBalance
eth_blockNumber
eth_getBalance
eth_getBalance
eth_getCode
eth_call
eth_getBalance
eth_getBalance
eth_getBalance
eth_getBalance
eth_getCode
eth_call
eth_getBalance
eth_getBalance
eth_getBalance
eth_getBalance
eth_blockNumber
eth_getCode
eth_call
eth_getBalance
eth_getBalance
eth_blockNumber
eth_getBalance
eth_getBalance
eth_getCode
eth_call
eth_getBalance
eth_getBalance
eth_getBalance
eth_getBalance
eth_getCode
eth_call
eth_getBalance
eth_getBalance
eth_getBalance
eth_getBalance
eth_blockNumber
eth_getCode
eth_call
eth_getBalance
eth_getBalance
eth_blockNumber
eth_getBalance
eth_getBalance
eth_getCode
eth_call
eth_getBalance
eth_getBalance
eth_getBalance
eth_getBalance
eth_getCode
eth_call
eth_getBalance
eth_getBalance
eth_getBalance
eth_getBalance
eth_blockNumber
eth_getCode
eth_call
eth_getBalance
eth_getBalance
eth_blockNumber
eth_getBalance
eth_getBalance
eth_getCode
eth_call
eth_getBalance
eth_getBalance
eth_getBalance
eth_getBalance
eth_getCode
eth_call
eth_getBalance
eth_getBalance
eth_getBalance
eth_getBalance
eth_blockNumber
eth_getCode
eth_getBalance
eth_call
eth_getBalance
eth_blockNumber
eth_getBalance
eth_getBalance
eth_getCode
eth_call
eth_getBalance
eth_getBalance
eth_getBalance
eth_getBalance
eth_getCode
eth_call
eth_getBalance
eth_getBalance
eth_getBalance
eth_getBalance
eth_blockNumber
eth_getCode
eth_call
eth_getBalance
eth_getBalance
eth_blockNumber
eth_getBalance
eth_getBalance
eth_getCode
eth_call
eth_getBalance
eth_getBalance
eth_getBalance
eth_getBalance
eth_getCode
eth_call
eth_getBalance
eth_getBalance
eth_getBalance
eth_getBalance
eth_blockNumber
eth_getBalance
eth_getCode
eth_call
eth_getBalance
eth_blockNumber
eth_getBalance
eth_getBalance
eth_getCode
eth_call
eth_getBalance
eth_getBalance
eth_getBalance
eth_getBalance
eth_getCode
eth_call
eth_getBalance
eth_getBalance
eth_getBalance
eth_getBalance
eth_blockNumber
eth_getCode
eth_call
eth_getBalance
eth_getBalance
eth_blockNumber
eth_getBalance
eth_getBalance
eth_getCode
eth_call
eth_getBalance
eth_getBalance
eth_getBalance
eth_getBalance
eth_getCode
eth_call
eth_getBalance
eth_getBalance
eth_getBalance
eth_getBalance
eth_blockNumber
eth_getBalance
eth_getCode
eth_call
eth_getBalance
eth_blockNumber
eth_getBalance
eth_getBalance
eth_getCode
eth_call
eth_getBalance
eth_getBalance
eth_getBalance
eth_getBalance
eth_getCode
eth_call
eth_getBalance
eth_getBalance
eth_getBalance
eth_getBalance
eth_blockNumber
eth_getCode
eth_call
eth_getBalance
eth_getBalance
eth_blockNumber
eth_getBalance
eth_getBalance
eth_getCode
eth_call
eth_getBalance
eth_getBalance
eth_getBalance
eth_getBalance
eth_getBalance
eth_getBalance
eth_getBalance
eth_getCode
eth_call
eth_getBalance
eth_getBalance
eth_getBalance
eth_blockNumber
eth_getCode
eth_call
eth_getBalance
eth_getBalance
eth_blockNumber
eth_getBalance
eth_getBalance
eth_getCode
eth_call
eth_getBalance
eth_getBalance
eth_getBalance
eth_getBalance
eth_getCode
eth_call
eth_getBalance
eth_getBalance
eth_getBalance
eth_getBalance
eth_getCode
eth_blockNumber
eth_call
eth_getBalance
eth_getBalance
eth_blockNumber
eth_getBalance
eth_getBalance
eth_getCode
eth_call
eth_getBalance
eth_getBalance
eth_getBalance
eth_getBalance
eth_getCode
eth_call
eth_getBalance
eth_getBalance
eth_getBalance
eth_getBalance
eth_getCode
eth_call
eth_getBalance
eth_blockNumber
eth_getBalance
eth_blockNumber
eth_getBalance
eth_getBalance
eth_getCode
eth_getBalance
eth_call
eth_getBalance
eth_getBalance
eth_getBalance
eth_getCode
eth_call
eth_getBalance
eth_getBalance
eth_getBalance
eth_getBalance
eth_getCode
eth_call
eth_getBalance
eth_blockNumber
eth_getBalance
eth_blockNumber
eth_getBalance
eth_getBalance
eth_getCode
eth_getBalance
eth_call
eth_getBalance
eth_getBalance
eth_getBalance
eth_getCode
eth_call
eth_getBalance
eth_getBalance
eth_getBalance
eth_getBalance
eth_getCode
eth_call
eth_getBalance
eth_blockNumber
eth_getBalance
eth_blockNumber
eth_getBalance
eth_getBalance
eth_getCode
eth_call
eth_getBalance
eth_getBalance
eth_getBalance
eth_getBalance
eth_getBalance
eth_getCode
eth_call
eth_getBalance
eth_getBalance
eth_getBalance
eth_getBalance
eth_getCode
eth_call
eth_blockNumber
eth_getBalance
eth_blockNumber
eth_getBalance
eth_getBalance
eth_getCode
eth_call
eth_getBalance
eth_getBalance
eth_getBalance
eth_getBalance
eth_getCode
eth_call
eth_getBalance
eth_getBalance
eth_getBalance
eth_getBalance
eth_getCode
eth_call
eth_getBalance
eth_blockNumber
eth_getBalance
eth_blockNumber
eth_getBalance
eth_getBalance
eth_getCode
eth_call
eth_getBalance
eth_getBalance
eth_getBalance
eth_getBalance
eth_getCode
eth_call
eth_getBalance
eth_getBalance
eth_getBalance
eth_getBalance
eth_getCode
eth_call
eth_getBalance
eth_getBalance
eth_blockNumber
eth_blockNumber
eth_getBalance
eth_getBalance
eth_getCode
eth_call
eth_getBalance
eth_getBalance
eth_getBalance
eth_getBalance
eth_getCode
eth_getBalance
eth_call
eth_getBalance
eth_getBalance
eth_getBalance
eth_getCode
eth_call
eth_getBalance
eth_getBalance
eth_blockNumber
eth_blockNumber
eth_getBalance
eth_getBalance
eth_getCode
eth_call
eth_getBalance
eth_getBalance
eth_getBalance
eth_getBalance
eth_getCode
eth_call
eth_getBalance
eth_getBalance
eth_getBalance
eth_getBalance
eth_getBalance
eth_getCode
eth_call
eth_getBalance
eth_blockNumber
eth_blockNumber
eth_getBalance
eth_getBalance
eth_getBalance
eth_getCode
eth_call
eth_getBalance
eth_getBalance
eth_getBalance
eth_getCode
eth_getBalance
eth_call
eth_getBalance
eth_getBalance
eth_getBalance
eth_getCode
eth_call
eth_getBalance
eth_getBalance
eth_blockNumber
eth_blockNumber
eth_getBalance
eth_getBalance
eth_getCode
eth_call
eth_getBalance
eth_getBalance
eth_getBalance
eth_getBalance
eth_getCode
eth_call
eth_getBalance
eth_getBalance
eth_blockNumber
eth_getBalance
eth_getBalance
eth_getCode
eth_call
eth_getBalance
eth_getBalance
eth_blockNumber
eth_getBalance
eth_getBalance
eth_getCode
eth_call
eth_getBalance
eth_getBalance
eth_getBalance
eth_getBalance
eth_getCode
eth_call
eth_getBalance
eth_getBalance
eth_blockNumber
eth_getBalance
eth_getBalance
eth_getCode
eth_call
eth_getBalance
eth_getBalance
eth_blockNumber
eth_getBalance
eth_getBalance
eth_getCode
eth_call
eth_getBalance
eth_getBalance
eth_getBalance
eth_getBalance
eth_getCode
eth_getBalance
eth_call
eth_getBalance
eth_blockNumber
eth_getBalance
eth_getBalance
eth_getCode
eth_call
eth_getBalance
eth_getBalance
eth_blockNumber
eth_getBalance
eth_getBalance
eth_getCode
eth_call
eth_getBalance
eth_getBalance
eth_getBalance
eth_getBalance
eth_getCode
eth_call
eth_getBalance
eth_getBalance
eth_blockNumber
eth_getBalance
eth_getBalance
eth_getCode
eth_call
eth_getBalance
eth_getBalance
eth_blockNumber
eth_getBalance
eth_getBalance
eth_getCode
eth_call
eth_getBalance
eth_getBalance
eth_getBalance
eth_getBalance
eth_getCode
eth_call
eth_getBalance
eth_getBalance
eth_blockNumber
eth_getBalance
eth_getBalance
eth_getCode
eth_call
eth_getBalance
eth_getBalance
eth_blockNumber
eth_getBalance
eth_getBalance
eth_getCode
eth_getBalance
eth_call
eth_getBalance
eth_getBalance
eth_getBalance
eth_getCode
eth_getBalance
eth_call
eth_getBalance
eth_blockNumber
eth_getBalance
eth_getBalance
eth_getBalance
eth_getCode
eth_call
eth_getBalance
eth_blockNumber
eth_getBalance
eth_getBalance
eth_getCode
eth_call
eth_getBalance
eth_getBalance
eth_getBalance
eth_getBalance
eth_getCode
eth_getBalance
eth_call
eth_getBalance
eth_blockNumber
eth_getBalance
eth_getBalance
eth_getCode
eth_getBalance
eth_call
eth_getBalance
eth_blockNumber
eth_getBalance
eth_getBalance
eth_getCode
eth_call
eth_getBalance
eth_getBalance
eth_getBalance
eth_getBalance
eth_getBalance
eth_getCode
eth_call
eth_getBalance
eth_blockNumber
eth_getBalance
eth_getBalance
eth_getBalance
eth_getCode
eth_call
eth_getBalance
eth_blockNumber
eth_getBalance
eth_getBalance
eth_getCode
eth_call
eth_getBalance
eth_getBalance
eth_getBalance
eth_getBalance
eth_getCode
eth_call
eth_getBalance
eth_getBalance
eth_blockNumber
eth_getBalance
eth_getBalance
eth_getCode
eth_call
eth_getBalance
eth_getBalance
eth_blockNumber
eth_getBalance
eth_getBalance
eth_getBalance
eth_getCode
eth_call
eth_getBalance
eth_getBalance
eth_getBalance
eth_getCode
eth_getBalance
eth_call
eth_getBalance
eth_blockNumber
eth_getBalance
eth_getBalance
eth_getCode
eth_call
eth_getBalance
eth_getBalance
eth_blockNumber
eth_getBalance
eth_getBalance
eth_getCode
eth_call
eth_getBalance
eth_getBalance
eth_getBalance
eth_getBalance
eth_getCode
eth_getBalance
eth_call
eth_getBalance
eth_blockNumber
eth_getBalance
eth_getBalance
eth_getCode
eth_call
eth_getBalance
eth_getBalance
eth_blockNumber
eth_getBalance
eth_getBalance
eth_getCode
eth_getBalance
eth_call
eth_getBalance
eth_getBalance
eth_getBalance
eth_getCode
eth_call
eth_getBalance
eth_getBalance
eth_blockNumber
eth_getBalance
eth_getBalance
eth_getCode
eth_call
eth_getBalance
eth_getBalance
eth_blockNumber
eth_getBalance
eth_getBalance
eth_getCode
eth_call
eth_getBalance
eth_getBalance
eth_getBalance
eth_getBalance
eth_getCode
eth_call
eth_getBalance
eth_getBalance
eth_blockNumber
eth_getBalance
eth_getBalance
eth_getCode
eth_call
eth_getBalance
eth_getBalance
eth_blockNumber
eth_getBalance
eth_getBalance
eth_getCode
eth_call
eth_getBalance
eth_getBalance
eth_getBalance
eth_getBalance
eth_getCode
eth_call
eth_getBalance
eth_getBalance
eth_blockNumber
eth_getBalance
eth_getBalance
eth_getCode
eth_call
eth_getBalance
eth_getBalance
eth_blockNumber
eth_getBalance
eth_getBalance
eth_getCode
eth_call
eth_getBalance
eth_getBalance
eth_getBalance
eth_getBalance
eth_getCode
eth_call
eth_getBalance
eth_getBalance
eth_blockNumber
eth_getBalance
eth_getBalance
eth_getCode
eth_getBalance
eth_call
eth_getBalance
eth_blockNumber
eth_getBalance
eth_getBalance
eth_getCode
eth_call
eth_getBalance
eth_getBalance
eth_getBalance
eth_getBalance
eth_getCode
eth_call
eth_getBalance
eth_getBalance
eth_blockNumber
eth_getBalance
eth_getBalance
eth_getCode
eth_call
eth_getBalance
eth_getBalance
eth_blockNumber
